doctor_id,region,city,specialty,monthly_patient_volume,digital_engagement,current_competitor,adoption_propensity,volume_score,engagement_score,commercial_score,priority_segment
DOC00001,Gujarat,Vadodara,Internal Medicine,97,0.751,Drug_B,0.43,0.22145833333333334,0.751,0.422,Developing
DOC00002,Tamil Nadu,Madurai,Endocrinologist,171,0.781,Drug_C,0.462,0.6010416666666667,0.781,0.6272,Growth
DOC00003,Rajasthan,Udaipur,Cardiologist,126,0.18,Drug_C,0.315,0.38458333333333333,0.18,0.3093,Developing
DOC00004,Rajasthan,Jodhpur,Cardiologist,170,0.854,Drug_B,0.466,0.5970833333333333,0.854,0.6479,Growth
DOC00005,Delhi NCR,Noida,Internal Medicine,55,0.479,Drug_D,0.357,0.04479166666666667,0.479,0.2375,Low Opportunity
DOC00006,West Bengal,Siliguri,Endocrinologist,58,0.647,Drug_D,0.294,0.05395833333333333,0.647,0.2799,Developing
DOC00007,Telangana,Hyderabad,Endocrinologist,105,0.773,Drug_C,0.465,0.2735416666666667,0.773,0.4617,Developing
DOC00008,Gujarat,Vadodara,General Physician,314,0.216,Drug_B,0.3,0.8947916666666667,0.216,0.5722,Growth
DOC00009,Gujarat,Ahmedabad,General Physician,80,0.906,Drug_D,0.454,0.13458333333333333,0.906,0.4299,Developing
DOC00010,Gujarat,Ahmedabad,Endocrinologist,208,0.373,Drug_B,0.543,0.7154166666666667,0.373,0.5782,Growth
DOC00011,Maharashtra,Pune,Endocrinologist,92,0.698,Drug_D,0.326,0.19354166666666667,0.698,0.3714,Developing
DOC00012,Karnataka,Bengaluru,General Physician,58,0.427,Drug_C,0.325,0.05395833333333333,0.427,0.2201,Low Opportunity
DOC00013,Karnataka,Hubballi,Diabetologist,179,0.798,Drug_B,0.543,0.6277083333333333,0.798,0.6619,Growth
DOC00014,Rajasthan,Jaipur,Internal Medicine,116,0.306,Drug_D,0.344,0.32666666666666666,0.306,0.3239,Developing
DOC00015,Delhi NCR,Delhi,Cardiologist,94,0.691,Drug_C,0.487,0.203125,0.691,0.4063,Developing
DOC00016,Maharashtra,Mumbai,Endocrinologist,143,0.865,Drug_B,0.532,0.474375,0.865,0.6031,Growth
DOC00017,Maharashtra,Pune,General Physician,147,0.869,Drug_D,0.403,0.495625,0.869,0.5891,Growth
DOC00018,Karnataka,Bengaluru,Diabetologist,50,0.17,Drug_D,0.141,0.015833333333333335,0.17,0.0871,Low Opportunity
DOC00019,Delhi NCR,Noida,Endocrinologist,200,0.558,Drug_B,0.32,0.6952083333333333,0.558,0.579,Growth
DOC00020,Tamil Nadu,Madurai,Diabetologist,285,0.424,Drug_C,0.525,0.8645833333333334,0.424,0.6645,Growth
DOC00021,West Bengal,Siliguri,Diabetologist,125,0.204,Drug_D,0.369,0.3779166666666667,0.204,0.324,Developing
DOC00022,West Bengal,Siliguri,Internal Medicine,295,0.594,Drug_B,0.541,0.8797916666666666,0.594,0.7263,Growth
DOC00023,Maharashtra,Nagpur,General Physician,384,0.576,Drug_B,0.514,0.945,0.576,0.7481,Growth
DOC00024,Karnataka,Hubballi,Internal Medicine,72,0.331,Drug_B,0.31,0.100625,0.331,0.2116,Low Opportunity
DOC00025,Rajasthan,Udaipur,Internal Medicine,136,0.402,Drug_D,0.349,0.43875,0.402,0.4098,Developing
DOC00026,Tamil Nadu,Coimbatore,Diabetologist,260,0.814,Drug_C,0.665,0.83,0.814,0.7922,Strategic
DOC00027,Tamil Nadu,Chennai,Cardiologist,124,0.747,Drug_B,0.386,0.3720833333333333,0.747,0.4873,Developing
DOC00028,Rajasthan,Jodhpur,Diabetologist,169,0.737,Drug_D,0.495,0.5925,0.737,0.6163,Growth
DOC00029,Karnataka,Mysuru,General Physician,150,0.418,Drug_D,0.5,0.5116666666666667,0.418,0.4812,Developing
DOC00030,Maharashtra,Pune,Cardiologist,98,0.254,Drug_B,0.444,0.22791666666666666,0.254,0.279,Developing
DOC00031,Gujarat,Vadodara,General Physician,159,0.522,Drug_C,0.379,0.5583333333333333,0.522,0.5116,Growth
DOC00032,Delhi NCR,Noida,Diabetologist,150,0.595,Drug_B,0.472,0.5116666666666667,0.595,0.5287,Growth
DOC00033,Karnataka,Bengaluru,General Physician,155,0.784,Drug_C,0.466,0.5375,0.784,0.5972,Growth
DOC00034,Maharashtra,Mumbai,Internal Medicine,221,0.932,Drug_B,0.552,0.7472916666666667,0.932,0.7636,Strategic
DOC00035,West Bengal,Siliguri,Cardiologist,80,0.362,Drug_C,0.104,0.13458333333333333,0.362,0.1967,Low Opportunity
DOC00036,West Bengal,Siliguri,Internal Medicine,109,0.613,Drug_C,0.322,0.2939583333333333,0.613,0.3953,Developing
DOC00037,Karnataka,Hubballi,Internal Medicine,157,0.712,Drug_D,0.351,0.549375,0.712,0.5585,Growth
DOC00038,Karnataka,Mysuru,General Physician,98,0.774,Drug_D,0.537,0.22791666666666666,0.774,0.4536,Developing
DOC00039,Delhi NCR,Noida,Diabetologist,124,0.59,Drug_C,0.383,0.3720833333333333,0.59,0.4396,Developing
DOC00040,Delhi NCR,Delhi,Internal Medicine,154,0.422,Drug_B,0.426,0.531875,0.422,0.4777,Developing
DOC00041,Karnataka,Bengaluru,Endocrinologist,238,0.559,Drug_B,0.452,0.7885416666666667,0.559,0.6524,Growth
DOC00042,Karnataka,Bengaluru,Cardiologist,183,0.859,Drug_B,0.472,0.644375,0.859,0.6743,Growth
DOC00043,Tamil Nadu,Chennai,General Physician,361,0.654,Drug_D,0.582,0.9310416666666667,0.654,0.7781,Strategic
DOC00044,Maharashtra,Nashik,Internal Medicine,151,0.531,Drug_B,0.32,0.5175,0.531,0.482,Developing
DOC00045,Delhi NCR,Delhi,Internal Medicine,189,0.638,Drug_D,0.511,0.6635416666666667,0.638,0.6254,Growth
DOC00046,Delhi NCR,Gurugram,General Physician,125,0.308,Drug_C,0.318,0.3779166666666667,0.308,0.345,Developing
DOC00047,Tamil Nadu,Chennai,Internal Medicine,159,0.827,Drug_B,0.484,0.5583333333333333,0.827,0.6241,Growth
DOC00048,Maharashtra,Nagpur,Internal Medicine,120,0.886,Drug_D,0.335,0.3485416666666667,0.886,0.5071,Growth
DOC00049,Karnataka,Hubballi,Endocrinologist,127,0.501,Drug_B,0.426,0.38979166666666665,0.501,0.4304,Developing
DOC00050,Telangana,Warangal,Cardiologist,50,0.444,Drug_B,0.261,0.015833333333333335,0.444,0.1933,Low Opportunity
DOC00051,Maharashtra,Nagpur,General Physician,255,0.407,Drug_C,0.512,0.81875,0.407,0.6339,Growth
DOC00052,Tamil Nadu,Coimbatore,Diabetologist,92,0.725,Drug_C,0.389,0.19354166666666667,0.725,0.3921,Developing
DOC00053,West Bengal,Kolkata,Internal Medicine,333,0.615,Drug_B,0.687,0.9116666666666666,0.615,0.7777,Strategic
DOC00054,West Bengal,Kolkata,General Physician,104,0.525,Drug_B,0.349,0.26625,0.525,0.3604,Developing
DOC00055,Maharashtra,Mumbai,Cardiologist,89,0.416,Drug_B,0.36,0.17729166666666665,0.416,0.2854,Developing
DOC00056,Karnataka,Mysuru,General Physician,118,0.268,Drug_C,0.312,0.335625,0.268,0.3106,Developing
DOC00057,Telangana,Warangal,Cardiologist,291,0.654,Drug_C,0.595,0.871875,0.654,0.7511,Strategic
DOC00058,Maharashtra,Nagpur,Internal Medicine,81,0.826,Drug_B,0.54,0.139375,0.826,0.4255,Developing
DOC00059,West Bengal,Kolkata,General Physician,156,0.692,Drug_B,0.484,0.5439583333333333,0.692,0.5764,Growth
DOC00060,Maharashtra,Pune,Internal Medicine,130,0.315,Drug_B,0.165,0.40541666666666665,0.315,0.3302,Developing
DOC00061,West Bengal,Siliguri,General Physician,317,0.579,Drug_C,0.549,0.8979166666666667,0.579,0.7325,Growth
DOC00062,Delhi NCR,Gurugram,Diabetologist,50,0.407,Drug_B,0.373,0.015833333333333335,0.407,0.2046,Low Opportunity
DOC00063,West Bengal,Kolkata,Cardiologist,172,0.505,Drug_D,0.218,0.605,0.505,0.4976,Developing
DOC00064,Karnataka,Mysuru,Diabetologist,121,0.767,Drug_D,0.583,0.35375,0.767,0.5236,Growth
DOC00065,Maharashtra,Nagpur,Internal Medicine,51,0.614,Drug_C,0.356,0.03270833333333333,0.614,0.2718,Developing
DOC00066,Karnataka,Bengaluru,Internal Medicine,71,0.622,Drug_B,0.337,0.09645833333333333,0.622,0.3022,Developing
DOC00067,Tamil Nadu,Madurai,General Physician,344,0.622,Drug_C,0.483,0.9195833333333333,0.622,0.743,Growth
DOC00068,Telangana,Hyderabad,Diabetologist,82,0.314,Drug_D,0.24,0.14583333333333334,0.314,0.2151,Low Opportunity
DOC00069,Gujarat,Ahmedabad,Diabetologist,174,0.753,Drug_B,0.367,0.6120833333333333,0.753,0.6053,Growth
DOC00070,Maharashtra,Mumbai,Internal Medicine,76,0.581,Drug_D,0.284,0.1175,0.581,0.2898,Developing
DOC00071,Gujarat,Ahmedabad,Cardiologist,201,0.861,Drug_C,0.343,0.700625,0.861,0.6772,Growth
DOC00072,Gujarat,Ahmedabad,Diabetologist,95,0.51,Drug_D,0.274,0.20833333333333334,0.51,0.312,Developing
DOC00073,Gujarat,Vadodara,Internal Medicine,154,0.585,Drug_C,0.541,0.531875,0.585,0.5496,Growth
DOC00074,Delhi NCR,Gurugram,Internal Medicine,99,0.522,Drug_B,0.44,0.23458333333333334,0.522,0.3619,Developing
DOC00075,Gujarat,Vadodara,Internal Medicine,144,0.481,Drug_C,0.508,0.4814583333333333,0.481,0.4866,Developing
DOC00076,Rajasthan,Jaipur,Diabetologist,182,0.638,Drug_C,0.438,0.6395833333333333,0.638,0.5988,Growth
DOC00077,Telangana,Hyderabad,Internal Medicine,229,0.854,Drug_B,0.613,0.7697916666666667,0.854,0.7637,Strategic
DOC00078,Karnataka,Hubballi,Endocrinologist,119,0.138,Drug_D,0.187,0.34229166666666666,0.138,0.2499,Low Opportunity
DOC00079,Tamil Nadu,Madurai,Diabetologist,50,0.736,Drug_C,0.473,0.015833333333333335,0.736,0.3233,Developing
DOC00080,Gujarat,Vadodara,Internal Medicine,77,0.652,Drug_D,0.358,0.12208333333333334,0.652,0.3282,Developing
DOC00081,Delhi NCR,Gurugram,Internal Medicine,97,0.84,Drug_C,0.461,0.22145833333333334,0.84,0.4549,Developing
DOC00082,Karnataka,Mysuru,Endocrinologist,223,0.169,Drug_D,0.519,0.7552083333333334,0.169,0.5321,Growth
DOC00083,Maharashtra,Nagpur,General Physician,131,0.405,Drug_D,0.541,0.410625,0.405,0.435,Developing
DOC00084,Maharashtra,Nagpur,General Physician,245,0.499,Drug_B,0.528,0.8035416666666667,0.499,0.6571,Growth
DOC00085,West Bengal,Siliguri,Internal Medicine,112,0.626,Drug_D,0.465,0.30875,0.626,0.4352,Developing
DOC00086,Karnataka,Bengaluru,Diabetologist,79,0.629,Drug_D,0.403,0.12958333333333333,0.629,0.3341,Developing
DOC00087,Rajasthan,Udaipur,General Physician,201,0.404,Drug_C,0.386,0.700625,0.404,0.5487,Growth
DOC00088,Gujarat,Ahmedabad,Diabetologist,156,0.711,Drug_D,0.571,0.5439583333333333,0.711,0.5995,Growth
DOC00089,Maharashtra,Pune,Diabetologist,413,0.599,Drug_B,0.604,0.95875,0.599,0.7799,Strategic
DOC00090,Maharashtra,Mumbai,Endocrinologist,107,0.599,Drug_B,0.352,0.2839583333333333,0.599,0.3921,Developing
DOC00091,Tamil Nadu,Coimbatore,Cardiologist,314,0.312,Drug_B,0.462,0.8947916666666667,0.312,0.6334,Growth
DOC00092,Tamil Nadu,Madurai,Diabetologist,320,0.5,Drug_C,0.591,0.9008333333333334,0.5,0.7186,Growth
DOC00093,Rajasthan,Jodhpur,Endocrinologist,60,0.726,Drug_C,0.469,0.058958333333333335,0.726,0.3411,Developing
DOC00094,Gujarat,Ahmedabad,Endocrinologist,69,0.736,Drug_C,0.365,0.08875,0.736,0.3382,Developing
DOC00095,Delhi NCR,Noida,General Physician,140,0.576,Drug_C,0.549,0.45895833333333336,0.576,0.5121,Growth
DOC00096,Tamil Nadu,Chennai,Internal Medicine,99,0.313,Drug_C,0.199,0.23458333333333334,0.313,0.251,Developing
DOC00097,Karnataka,Mysuru,Endocrinologist,275,0.649,Drug_B,0.416,0.8520833333333333,0.649,0.7039,Growth
DOC00098,Maharashtra,Nagpur,Diabetologist,190,0.634,Drug_B,0.531,0.6679166666666667,0.634,0.6304,Growth
DOC00099,Delhi NCR,Noida,Diabetologist,105,0.807,Drug_C,0.461,0.2735416666666667,0.807,0.4711,Developing
DOC00100,Telangana,Hyderabad,General Physician,77,0.314,Drug_C,0.33,0.12208333333333334,0.314,0.2212,Low Opportunity
DOC00101,Karnataka,Hubballi,Diabetologist,159,0.472,Drug_B,0.412,0.5583333333333333,0.472,0.5032,Growth
DOC00102,Rajasthan,Jodhpur,Internal Medicine,124,0.405,Drug_B,0.18,0.3720833333333333,0.405,0.3435,Developing
DOC00103,Delhi NCR,Gurugram,Internal Medicine,254,0.625,Drug_D,0.435,0.8179166666666666,0.625,0.6835,Growth
DOC00104,West Bengal,Kolkata,General Physician,235,0.427,Drug_B,0.381,0.7827083333333333,0.427,0.5957,Growth
DOC00105,Karnataka,Bengaluru,Diabetologist,99,0.803,Drug_B,0.492,0.23458333333333334,0.803,0.4566,Developing
DOC00106,West Bengal,Kolkata,Diabetologist,119,0.833,Drug_B,0.36,0.34229166666666666,0.833,0.493,Developing
DOC00107,Karnataka,Bengaluru,Internal Medicine,150,0.585,Drug_B,0.419,0.5116666666666667,0.585,0.5151,Growth
DOC00108,Tamil Nadu,Coimbatore,Cardiologist,179,0.673,Drug_B,0.332,0.6277083333333333,0.673,0.5822,Growth
DOC00109,Gujarat,Ahmedabad,Diabetologist,115,0.404,Drug_D,0.379,0.3202083333333333,0.404,0.3571,Developing
DOC00110,Gujarat,Ahmedabad,Cardiologist,353,0.262,Drug_B,0.473,0.9266666666666666,0.262,0.6365,Growth
DOC00111,Delhi NCR,Delhi,General Physician,131,0.605,Drug_B,0.352,0.410625,0.605,0.4572,Developing
DOC00112,Gujarat,Ahmedabad,Diabetologist,55,0.561,Drug_D,0.428,0.04479166666666667,0.561,0.2763,Developing
DOC00113,Rajasthan,Udaipur,General Physician,355,0.861,Drug_D,0.648,0.9272916666666666,0.861,0.8515,Strategic
DOC00114,West Bengal,Siliguri,Cardiologist,56,0.764,Drug_D,0.193,0.04729166666666667,0.764,0.2914,Developing
DOC00115,Maharashtra,Nashik,Internal Medicine,138,0.846,Drug_B,0.515,0.446875,0.846,0.5802,Growth
DOC00116,Telangana,Hyderabad,Internal Medicine,62,0.542,Drug_D,0.247,0.06625,0.542,0.2451,Low Opportunity
DOC00117,Tamil Nadu,Coimbatore,Cardiologist,101,0.597,Drug_B,0.252,0.24833333333333332,0.597,0.3537,Developing
DOC00118,Rajasthan,Udaipur,Diabetologist,130,0.269,Drug_B,0.201,0.40541666666666665,0.269,0.3236,Developing
DOC00119,Telangana,Hyderabad,Internal Medicine,104,0.658,Drug_D,0.355,0.26625,0.658,0.4015,Developing
DOC00120,Telangana,Warangal,Diabetologist,69,0.456,Drug_B,0.18,0.08875,0.456,0.2172,Low Opportunity
DOC00121,Maharashtra,Pune,General Physician,160,0.065,Drug_C,0.376,0.5645833333333333,0.065,0.377,Developing
DOC00122,Rajasthan,Jodhpur,General Physician,50,0.852,Drug_D,0.361,0.015833333333333335,0.852,0.3357,Developing
DOC00123,Maharashtra,Pune,Endocrinologist,68,0.325,Drug_D,0.243,0.085,0.325,0.1886,Low Opportunity
DOC00124,West Bengal,Kolkata,Internal Medicine,141,0.864,Drug_B,0.369,0.46375,0.864,0.5649,Growth
DOC00125,Maharashtra,Pune,Diabetologist,119,0.924,Drug_D,0.43,0.34229166666666666,0.924,0.5343,Growth
DOC00126,West Bengal,Siliguri,Diabetologist,242,0.625,Drug_B,0.55,0.7972916666666666,0.625,0.6961,Growth
DOC00127,Tamil Nadu,Coimbatore,Internal Medicine,154,0.545,Drug_B,0.398,0.531875,0.545,0.509,Growth
DOC00128,Maharashtra,Nagpur,Diabetologist,89,0.889,Drug_D,0.34,0.17729166666666665,0.889,0.4233,Developing
DOC00129,Delhi NCR,Delhi,Cardiologist,70,0.41,Drug_C,0.114,0.09270833333333334,0.41,0.1922,Low Opportunity
DOC00130,Rajasthan,Udaipur,Internal Medicine,289,0.702,Drug_B,0.556,0.8689583333333334,0.702,0.7563,Strategic
DOC00131,Delhi NCR,Gurugram,General Physician,124,0.676,Drug_C,0.454,0.3720833333333333,0.676,0.4796,Developing
DOC00132,Tamil Nadu,Madurai,Internal Medicine,156,0.264,Drug_D,0.185,0.5439583333333333,0.264,0.3882,Developing
DOC00133,Karnataka,Hubballi,Diabetologist,162,0.384,Drug_C,0.207,0.5689583333333333,0.384,0.4411,Developing
DOC00134,Rajasthan,Jaipur,Diabetologist,211,0.326,Drug_D,0.382,0.7235416666666666,0.326,0.536,Growth
DOC00135,West Bengal,Siliguri,Diabetologist,186,0.655,Drug_C,0.39,0.653125,0.655,0.6011,Growth
DOC00136,Gujarat,Ahmedabad,Endocrinologist,240,0.834,Drug_C,0.52,0.7922916666666666,0.834,0.7503,Strategic
DOC00137,Gujarat,Ahmedabad,Internal Medicine,125,0.809,Drug_D,0.484,0.3779166666666667,0.809,0.5285,Growth
DOC00138,Tamil Nadu,Chennai,Internal Medicine,81,0.734,Drug_B,0.453,0.139375,0.734,0.3805,Developing
DOC00139,Tamil Nadu,Madurai,Diabetologist,108,0.737,Drug_B,0.565,0.2891666666666667,0.737,0.4787,Developing
DOC00140,Gujarat,Ahmedabad,Diabetologist,221,0.761,Drug_C,0.432,0.7472916666666667,0.761,0.6883,Growth
DOC00141,West Bengal,Siliguri,General Physician,260,0.916,Drug_B,0.463,0.83,0.916,0.7824,Strategic
DOC00142,Gujarat,Vadodara,Endocrinologist,82,0.42,Drug_D,0.228,0.14583333333333334,0.42,0.2445,Low Opportunity
DOC00143,Maharashtra,Nashik,Cardiologist,188,0.389,Drug_C,0.154,0.660625,0.389,0.4778,Developing
DOC00144,Gujarat,Vadodara,Internal Medicine,124,0.214,Drug_C,0.298,0.3720833333333333,0.214,0.3098,Developing
DOC00145,Gujarat,Vadodara,General Physician,238,0.772,Drug_C,0.425,0.7885416666666667,0.772,0.7109,Growth
DOC00146,West Bengal,Siliguri,Diabetologist,78,0.772,Drug_C,0.231,0.12520833333333334,0.772,0.3404,Developing
DOC00147,Maharashtra,Pune,Internal Medicine,90,0.46,Drug_B,0.285,0.184375,0.46,0.2872,Developing
DOC00148,Delhi NCR,Delhi,General Physician,244,0.529,Drug_C,0.456,0.8014583333333334,0.529,0.6506,Growth
DOC00149,Maharashtra,Mumbai,Endocrinologist,169,0.464,Drug_B,0.409,0.5925,0.464,0.5172,Growth
DOC00150,Tamil Nadu,Madurai,Diabetologist,226,0.117,Drug_B,0.315,0.7633333333333333,0.117,0.4798,Developing
DOC00151,Gujarat,Vadodara,Internal Medicine,126,0.784,Drug_D,0.49,0.38458333333333333,0.784,0.5255,Growth
DOC00152,Maharashtra,Nagpur,Internal Medicine,155,0.684,Drug_D,0.409,0.5375,0.684,0.5558,Growth
DOC00153,Delhi NCR,Noida,Endocrinologist,68,0.891,Drug_B,0.326,0.085,0.891,0.375,Developing
DOC00154,Rajasthan,Udaipur,Internal Medicine,147,0.792,Drug_B,0.504,0.495625,0.792,0.5862,Growth
DOC00155,Delhi NCR,Noida,Diabetologist,142,0.291,Drug_B,0.298,0.4685416666666667,0.291,0.3812,Developing
DOC00156,Rajasthan,Jodhpur,Diabetologist,213,0.424,Drug_B,0.347,0.7279166666666667,0.424,0.5606,Growth
DOC00157,Karnataka,Mysuru,Diabetologist,425,0.701,Drug_B,0.673,0.9627083333333334,0.701,0.8263,Strategic
DOC00158,Gujarat,Surat,Endocrinologist,75,0.698,Drug_D,0.24,0.1125,0.698,0.3136,Developing
DOC00159,Telangana,Hyderabad,Cardiologist,382,0.707,Drug_C,0.63,0.94375,0.707,0.81,Strategic
DOC00160,Rajasthan,Jodhpur,Diabetologist,122,0.417,Drug_B,0.249,0.360625,0.417,0.3552,Developing
DOC00161,Gujarat,Surat,Diabetologist,89,0.855,Drug_D,0.497,0.17729166666666665,0.855,0.4445,Developing
DOC00162,Delhi NCR,Gurugram,Internal Medicine,104,0.572,Drug_B,0.384,0.26625,0.572,0.3815,Developing
DOC00163,West Bengal,Siliguri,Cardiologist,54,0.955,Drug_B,0.409,0.042291666666666665,0.955,0.3894,Developing
DOC00164,West Bengal,Kolkata,Internal Medicine,83,0.413,Drug_B,0.336,0.15104166666666666,0.413,0.2666,Developing
DOC00165,Gujarat,Vadodara,General Physician,157,0.549,Drug_B,0.418,0.549375,0.549,0.523,Growth
DOC00166,Delhi NCR,Gurugram,Endocrinologist,499,0.354,Drug_D,0.608,0.9829166666666667,0.354,0.7193,Growth
DOC00167,Rajasthan,Udaipur,Endocrinologist,170,0.526,Drug_D,0.634,0.5970833333333333,0.526,0.5831,Growth
DOC00168,Tamil Nadu,Madurai,General Physician,101,0.531,Drug_B,0.422,0.24833333333333332,0.531,0.3679,Developing
DOC00169,Maharashtra,Pune,General Physician,206,0.546,Drug_B,0.376,0.7114583333333333,0.546,0.5947,Growth
DOC00170,Rajasthan,Jodhpur,Internal Medicine,303,0.499,Drug_D,0.458,0.8879166666666667,0.499,0.6853,Growth
DOC00171,Gujarat,Ahmedabad,Internal Medicine,125,0.395,Drug_B,0.397,0.3779166666666667,0.395,0.3869,Developing
DOC00172,Tamil Nadu,Coimbatore,Diabetologist,168,0.321,Drug_B,0.408,0.5883333333333334,0.321,0.4721,Developing
DOC00173,Karnataka,Hubballi,Diabetologist,151,0.672,Drug_B,0.374,0.5175,0.672,0.5352,Growth
DOC00174,Delhi NCR,Delhi,General Physician,156,0.742,Drug_D,0.509,0.5439583333333333,0.742,0.5964,Growth
DOC00175,Gujarat,Vadodara,Cardiologist,302,0.8,Drug_C,0.54,0.8866666666666667,0.8,0.7913,Strategic
DOC00176,West Bengal,Siliguri,Internal Medicine,97,0.821,Drug_C,0.479,0.22145833333333334,0.821,0.4528,Developing
DOC00177,West Bengal,Siliguri,Internal Medicine,82,0.592,Drug_D,0.356,0.14583333333333334,0.592,0.3217,Developing
DOC00178,Karnataka,Mysuru,Diabetologist,291,0.327,Drug_B,0.338,0.871875,0.327,0.6016,Growth
DOC00179,Maharashtra,Nashik,General Physician,83,0.964,Drug_B,0.484,0.15104166666666666,0.964,0.4615,Developing
DOC00180,Delhi NCR,Delhi,Internal Medicine,200,0.164,Drug_B,0.414,0.6952083333333333,0.164,0.4796,Developing
DOC00181,Karnataka,Bengaluru,Internal Medicine,115,0.565,Drug_B,0.138,0.3202083333333333,0.565,0.3572,Developing
DOC00182,Karnataka,Hubballi,Diabetologist,109,0.25,Drug_B,0.336,0.2939583333333333,0.25,0.2892,Developing
DOC00183,Telangana,Hyderabad,Diabetologist,253,0.186,Drug_B,0.492,0.8170833333333334,0.186,0.5627,Growth
DOC00184,Maharashtra,Nashik,General Physician,98,0.634,Drug_B,0.352,0.22791666666666666,0.634,0.3746,Developing
DOC00185,Gujarat,Ahmedabad,Internal Medicine,149,0.644,Drug_C,0.435,0.5058333333333334,0.644,0.5331,Growth
DOC00186,Tamil Nadu,Madurai,Internal Medicine,126,0.716,Drug_B,0.521,0.38458333333333333,0.716,0.5113,Growth
DOC00187,Karnataka,Hubballi,Endocrinologist,50,0.638,Drug_B,0.37,0.015833333333333335,0.638,0.2733,Developing
DOC00188,Maharashtra,Pune,Endocrinologist,155,0.749,Drug_C,0.446,0.5375,0.749,0.5826,Growth
DOC00189,Gujarat,Surat,Internal Medicine,87,0.349,Drug_C,0.357,0.16770833333333332,0.349,0.26,Developing
DOC00190,Telangana,Hyderabad,General Physician,77,0.176,Drug_D,0.381,0.12208333333333334,0.176,0.19,Low Opportunity
DOC00191,Rajasthan,Udaipur,Internal Medicine,597,0.829,Drug_D,0.747,0.9925,0.829,0.8944,Strategic
DOC00192,Karnataka,Mysuru,General Physician,356,0.469,Drug_C,0.545,0.9279166666666666,0.469,0.7137,Growth
DOC00193,West Bengal,Siliguri,Internal Medicine,111,0.922,Drug_B,0.466,0.3045833333333333,0.922,0.5221,Growth
DOC00194,Rajasthan,Jodhpur,Endocrinologist,59,0.848,Drug_B,0.358,0.05625,0.848,0.3541,Developing
DOC00195,Tamil Nadu,Coimbatore,General Physician,173,0.4,Drug_B,0.412,0.6095833333333334,0.4,0.5072,Growth
DOC00196,Delhi NCR,Gurugram,General Physician,110,0.832,Drug_D,0.554,0.2997916666666667,0.832,0.5103,Growth
DOC00197,Tamil Nadu,Chennai,Internal Medicine,50,0.122,Drug_B,0.311,0.015833333333333335,0.122,0.1067,Low Opportunity
DOC00198,Gujarat,Surat,Cardiologist,147,0.671,Drug_B,0.416,0.495625,0.671,0.5323,Growth
DOC00199,West Bengal,Siliguri,Internal Medicine,86,0.676,Drug_C,0.31,0.163125,0.676,0.3464,Developing
DOC00200,Karnataka,Bengaluru,General Physician,621,0.422,Drug_B,0.72,0.9941666666666666,0.422,0.7677,Strategic
DOC00201,Rajasthan,Udaipur,Internal Medicine,155,0.951,Drug_B,0.407,0.5375,0.951,0.6354,Growth
DOC00202,Maharashtra,Nashik,Diabetologist,100,0.283,Drug_C,0.264,0.24208333333333334,0.283,0.2587,Developing
DOC00203,Maharashtra,Nashik,Cardiologist,90,0.582,Drug_B,0.513,0.184375,0.582,0.3694,Developing
DOC00204,Tamil Nadu,Madurai,General Physician,145,0.581,Drug_B,0.411,0.4875,0.581,0.5002,Growth
DOC00205,Rajasthan,Udaipur,Diabetologist,97,0.763,Drug_B,0.517,0.22145833333333334,0.763,0.443,Developing
DOC00206,Maharashtra,Mumbai,Diabetologist,258,0.528,Drug_C,0.561,0.8245833333333333,0.528,0.6829,Growth
DOC00207,Gujarat,Surat,Endocrinologist,167,0.805,Drug_D,0.529,0.583125,0.805,0.6389,Growth
DOC00208,Tamil Nadu,Chennai,Internal Medicine,395,0.298,Drug_B,0.511,0.95,0.298,0.6666,Growth
DOC00209,Gujarat,Ahmedabad,Internal Medicine,199,0.68,Drug_B,0.41,0.6925,0.68,0.6322,Growth
DOC00210,Maharashtra,Mumbai,Internal Medicine,210,0.733,Drug_D,0.462,0.7210416666666667,0.733,0.6728,Growth
DOC00211,Maharashtra,Pune,Diabetologist,195,0.393,Drug_D,0.374,0.6845833333333333,0.393,0.535,Growth
DOC00212,Delhi NCR,Gurugram,Diabetologist,326,0.774,Drug_B,0.695,0.905625,0.774,0.824,Strategic
DOC00213,Tamil Nadu,Chennai,Internal Medicine,54,0.571,Drug_D,0.33,0.042291666666666665,0.571,0.2584,Developing
DOC00214,Delhi NCR,Gurugram,Internal Medicine,87,0.886,Drug_D,0.468,0.16770833333333332,0.886,0.4433,Developing
DOC00215,West Bengal,Kolkata,General Physician,322,0.799,Drug_B,0.664,0.9027083333333333,0.799,0.8239,Strategic
DOC00216,Telangana,Hyderabad,Internal Medicine,293,0.482,Drug_D,0.498,0.875,0.482,0.6817,Growth
DOC00217,Gujarat,Surat,Internal Medicine,85,0.833,Drug_C,0.378,0.15833333333333333,0.833,0.4047,Developing
DOC00218,Gujarat,Ahmedabad,Internal Medicine,102,0.756,Drug_B,0.366,0.25416666666666665,0.756,0.4271,Developing
DOC00219,West Bengal,Kolkata,Internal Medicine,136,0.871,Drug_C,0.398,0.43875,0.871,0.5603,Growth
DOC00220,Gujarat,Ahmedabad,General Physician,277,0.786,Drug_C,0.615,0.8558333333333333,0.786,0.7867,Strategic
DOC00221,Gujarat,Vadodara,General Physician,328,0.69,Drug_D,0.5,0.908125,0.69,0.7611,Strategic
DOC00222,Karnataka,Hubballi,Endocrinologist,301,0.6,Drug_C,0.527,0.885,0.6,0.7279,Growth
DOC00223,West Bengal,Kolkata,Internal Medicine,122,0.342,Drug_D,0.331,0.360625,0.342,0.3491,Developing
DOC00224,Karnataka,Mysuru,Internal Medicine,326,0.59,Drug_C,0.599,0.905625,0.59,0.7496,Growth
DOC00225,Maharashtra,Pune,Endocrinologist,131,0.922,Drug_C,0.466,0.410625,0.922,0.5751,Growth
DOC00226,Karnataka,Hubballi,General Physician,73,0.514,Drug_C,0.377,0.105625,0.514,0.2824,Developing
DOC00227,Delhi NCR,Gurugram,Cardiologist,237,0.249,Drug_C,0.434,0.7872916666666666,0.249,0.5551,Growth
DOC00228,Rajasthan,Udaipur,Endocrinologist,139,0.622,Drug_C,0.422,0.45375,0.622,0.4979,Developing
DOC00229,Karnataka,Mysuru,Endocrinologist,81,0.914,Drug_C,0.414,0.139375,0.914,0.4267,Developing
DOC00230,Rajasthan,Jaipur,Diabetologist,408,0.691,Drug_C,0.647,0.9558333333333333,0.691,0.8146,Strategic
DOC00231,Gujarat,Surat,General Physician,573,0.681,Drug_B,0.86,0.99125,0.681,0.8719,Strategic
DOC00232,Telangana,Warangal,Diabetologist,114,0.789,Drug_B,0.309,0.3154166666666667,0.789,0.4562,Developing
DOC00233,Karnataka,Hubballi,Internal Medicine,210,0.514,Drug_D,0.404,0.7210416666666667,0.514,0.5955,Growth
DOC00234,Delhi NCR,Gurugram,Diabetologist,101,0.182,Drug_D,0.322,0.24833333333333332,0.182,0.2432,Low Opportunity
DOC00235,Tamil Nadu,Madurai,Diabetologist,632,0.611,Drug_B,0.755,0.995,0.611,0.8318,Strategic
DOC00236,Tamil Nadu,Coimbatore,Diabetologist,183,0.639,Drug_D,0.575,0.644375,0.639,0.6289,Growth
DOC00237,Telangana,Hyderabad,Internal Medicine,271,0.743,Drug_B,0.532,0.8458333333333333,0.743,0.7522,Strategic
DOC00238,Maharashtra,Nashik,Internal Medicine,86,0.229,Drug_B,0.166,0.163125,0.229,0.1835,Low Opportunity
DOC00239,Karnataka,Bengaluru,Internal Medicine,110,0.87,Drug_B,0.523,0.2997916666666667,0.87,0.5155,Growth
DOC00240,Karnataka,Bengaluru,Endocrinologist,215,0.463,Drug_C,0.305,0.7339583333333334,0.463,0.5669,Growth
DOC00241,Rajasthan,Jodhpur,Cardiologist,253,0.468,Drug_B,0.565,0.8170833333333334,0.468,0.6619,Growth
DOC00242,Gujarat,Ahmedabad,Internal Medicine,271,0.797,Drug_B,0.517,0.8458333333333333,0.797,0.7654,Strategic
DOC00243,Telangana,Hyderabad,Endocrinologist,326,0.778,Drug_C,0.534,0.905625,0.778,0.793,Strategic
DOC00244,Tamil Nadu,Coimbatore,Internal Medicine,96,0.957,Drug_C,0.471,0.214375,0.957,0.4885,Developing
DOC00245,Tamil Nadu,Madurai,Diabetologist,82,0.832,Drug_D,0.357,0.14583333333333334,0.832,0.3939,Developing
DOC00246,Karnataka,Mysuru,Internal Medicine,242,0.711,Drug_D,0.533,0.7972916666666666,0.711,0.7185,Growth
DOC00247,Rajasthan,Jodhpur,Diabetologist,187,0.722,Drug_D,0.383,0.6570833333333334,0.722,0.6217,Growth
DOC00248,Tamil Nadu,Coimbatore,Diabetologist,92,0.907,Drug_C,0.418,0.19354166666666667,0.907,0.4525,Developing
DOC00249,Maharashtra,Pune,Internal Medicine,76,0.4,Drug_C,0.339,0.1175,0.4,0.2466,Low Opportunity
DOC00250,Maharashtra,Nashik,Internal Medicine,406,0.596,Drug_C,0.572,0.9545833333333333,0.596,0.7705,Strategic
DOC00251,West Bengal,Kolkata,Internal Medicine,172,0.536,Drug_B,0.506,0.605,0.536,0.5645,Growth
DOC00252,Tamil Nadu,Chennai,Diabetologist,56,0.868,Drug_B,0.414,0.04729166666666667,0.868,0.3668,Developing
DOC00253,Karnataka,Bengaluru,General Physician,357,0.482,Drug_B,0.532,0.9285416666666667,0.482,0.7153,Growth
DOC00254,Telangana,Warangal,Internal Medicine,84,0.655,Drug_C,0.379,0.154375,0.655,0.3495,Developing
DOC00255,West Bengal,Kolkata,Diabetologist,61,0.491,Drug_B,0.317,0.06270833333333334,0.491,0.2421,Low Opportunity
DOC00256,Gujarat,Ahmedabad,Cardiologist,158,0.874,Drug_C,0.446,0.5525,0.874,0.6276,Growth
DOC00257,Karnataka,Bengaluru,Endocrinologist,133,0.73,Drug_B,0.457,0.421875,0.73,0.5213,Growth
DOC00258,Tamil Nadu,Madurai,Internal Medicine,363,0.697,Drug_B,0.801,0.9347916666666667,0.697,0.8367,Strategic
DOC00259,Delhi NCR,Delhi,Cardiologist,216,0.845,Drug_C,0.619,0.7370833333333333,0.845,0.7458,Growth
DOC00260,Karnataka,Bengaluru,Diabetologist,543,0.539,Drug_B,0.669,0.99,0.539,0.7905,Strategic
DOC00261,Tamil Nadu,Madurai,General Physician,110,0.873,Drug_B,0.413,0.2997916666666667,0.873,0.4944,Developing
DOC00262,Rajasthan,Jodhpur,Diabetologist,93,0.555,Drug_C,0.45,0.19854166666666667,0.555,0.3558,Developing
DOC00263,Rajasthan,Jaipur,Diabetologist,93,0.627,Drug_C,0.397,0.19854166666666667,0.627,0.3668,Developing
DOC00264,Karnataka,Bengaluru,Endocrinologist,197,0.57,Drug_C,0.444,0.6902083333333333,0.57,0.6049,Growth
DOC00265,Telangana,Warangal,Internal Medicine,114,0.317,Drug_D,0.334,0.3154166666666667,0.317,0.3196,Developing
DOC00266,West Bengal,Siliguri,Diabetologist,170,0.812,Drug_C,0.363,0.5970833333333333,0.812,0.6147,Growth
DOC00267,Telangana,Hyderabad,Diabetologist,147,0.175,Drug_B,0.33,0.495625,0.175,0.3663,Developing
DOC00268,Maharashtra,Nashik,Cardiologist,222,0.387,Drug_C,0.371,0.750625,0.387,0.5656,Growth
DOC00269,Maharashtra,Mumbai,Endocrinologist,79,0.891,Drug_D,0.52,0.12958333333333333,0.891,0.4361,Developing
DOC00270,Maharashtra,Mumbai,Internal Medicine,225,0.778,Drug_B,0.654,0.7604166666666666,0.778,0.7444,Growth
DOC00271,West Bengal,Kolkata,Diabetologist,102,0.824,Drug_B,0.493,0.25416666666666665,0.824,0.4729,Developing
DOC00272,Maharashtra,Mumbai,Endocrinologist,201,0.744,Drug_D,0.443,0.700625,0.744,0.6621,Growth
DOC00273,Maharashtra,Mumbai,Endocrinologist,79,0.683,Drug_B,0.627,0.12958333333333333,0.683,0.3951,Developing
DOC00274,Maharashtra,Mumbai,Diabetologist,119,0.686,Drug_B,0.438,0.34229166666666666,0.686,0.4645,Developing
DOC00275,Telangana,Hyderabad,Internal Medicine,106,0.541,Drug_B,0.366,0.2783333333333333,0.541,0.3747,Developing
DOC00276,Rajasthan,Jaipur,Diabetologist,215,0.693,Drug_B,0.4,0.7339583333333334,0.693,0.6549,Growth
DOC00277,Tamil Nadu,Chennai,General Physician,151,0.576,Drug_C,0.445,0.5175,0.576,0.5206,Growth
DOC00278,West Bengal,Kolkata,Endocrinologist,100,0.891,Drug_B,0.424,0.24208333333333334,0.891,0.4731,Developing
DOC00279,Gujarat,Ahmedabad,Diabetologist,155,0.253,Drug_C,0.419,0.5375,0.253,0.4284,Developing
DOC00280,Telangana,Hyderabad,General Physician,281,0.49,Drug_B,0.523,0.8591666666666666,0.49,0.6812,Growth
DOC00281,Maharashtra,Mumbai,Internal Medicine,143,0.543,Drug_C,0.497,0.474375,0.543,0.4995,Developing
DOC00282,Delhi NCR,Delhi,Internal Medicine,325,0.921,Drug_D,0.567,0.9041666666666667,0.921,0.8418,Strategic
DOC00283,Karnataka,Hubballi,General Physician,208,0.172,Drug_D,0.321,0.7154166666666667,0.172,0.4735,Developing
DOC00284,Tamil Nadu,Madurai,Internal Medicine,223,0.555,Drug_B,0.488,0.7552083333333334,0.555,0.6417,Growth
DOC00285,Delhi NCR,Noida,General Physician,70,0.545,Drug_B,0.42,0.09270833333333334,0.545,0.2939,Developing
DOC00286,Karnataka,Hubballi,Endocrinologist,103,0.834,Drug_B,0.467,0.25958333333333333,0.834,0.4734,Developing
DOC00287,Gujarat,Vadodara,Endocrinologist,50,0.761,Drug_D,0.366,0.015833333333333335,0.761,0.3094,Developing
DOC00288,Maharashtra,Nashik,Endocrinologist,79,0.841,Drug_C,0.485,0.12958333333333333,0.841,0.4141,Developing
DOC00289,Tamil Nadu,Madurai,Diabetologist,258,0.457,Drug_C,0.493,0.8245833333333333,0.457,0.648,Growth
DOC00290,Delhi NCR,Delhi,General Physician,107,0.706,Drug_B,0.456,0.2839583333333333,0.706,0.445,Developing
DOC00291,Delhi NCR,Delhi,Diabetologist,811,0.567,Drug_C,0.9,0.9995833333333334,0.567,0.8499,Strategic
DOC00292,Delhi NCR,Noida,Diabetologist,160,0.768,Drug_D,0.532,0.5645833333333333,0.768,0.6191,Growth
DOC00293,Maharashtra,Mumbai,Internal Medicine,227,0.636,Drug_D,0.47,0.7658333333333334,0.636,0.6677,Growth
DOC00294,Karnataka,Hubballi,Internal Medicine,52,0.609,Drug_B,0.257,0.034791666666666665,0.609,0.2515,Developing
DOC00295,Tamil Nadu,Chennai,Endocrinologist,375,0.75,Drug_B,0.681,0.9397916666666667,0.75,0.8311,Strategic
DOC00296,Maharashtra,Nashik,General Physician,187,0.772,Drug_B,0.593,0.6570833333333334,0.772,0.6787,Growth
DOC00297,Tamil Nadu,Madurai,Diabetologist,143,0.363,Drug_B,0.358,0.474375,0.363,0.4177,Developing
DOC00298,Gujarat,Ahmedabad,Internal Medicine,158,0.852,Drug_B,0.441,0.5525,0.852,0.62,Growth
DOC00299,Rajasthan,Udaipur,Cardiologist,127,0.359,Drug_B,0.375,0.38979166666666665,0.359,0.3776,Developing
DOC00300,Telangana,Warangal,General Physician,63,0.871,Drug_B,0.465,0.06916666666666667,0.871,0.3889,Developing
DOC00301,Gujarat,Surat,Internal Medicine,53,0.395,Drug_C,0.17,0.038125,0.395,0.1716,Low Opportunity
DOC00302,Tamil Nadu,Coimbatore,Internal Medicine,372,0.908,Drug_D,0.513,0.9383333333333334,0.908,0.8442,Strategic
DOC00303,Maharashtra,Nagpur,General Physician,153,0.607,Drug_B,0.415,0.5264583333333334,0.607,0.5283,Growth
DOC00304,Telangana,Warangal,Internal Medicine,697,0.577,Drug_C,0.723,0.9970833333333333,0.577,0.8162,Strategic
DOC00305,Rajasthan,Udaipur,General Physician,73,0.668,Drug_D,0.534,0.105625,0.668,0.36,Developing
DOC00306,Gujarat,Vadodara,Internal Medicine,120,0.806,Drug_B,0.445,0.3485416666666667,0.806,0.5051,Growth
DOC00307,Delhi NCR,Delhi,General Physician,220,0.746,Drug_D,0.574,0.7447916666666666,0.746,0.711,Growth
DOC00308,Rajasthan,Jaipur,Diabetologist,72,0.141,Drug_D,0.357,0.100625,0.141,0.164,Low Opportunity
DOC00309,Tamil Nadu,Chennai,Internal Medicine,271,0.587,Drug_C,0.605,0.8458333333333333,0.587,0.72,Growth
DOC00310,Delhi NCR,Gurugram,Cardiologist,242,0.6,Drug_D,0.515,0.7972916666666666,0.6,0.6816,Growth
DOC00311,West Bengal,Siliguri,Diabetologist,87,0.341,Drug_C,0.391,0.16770833333333332,0.341,0.2644,Developing
DOC00312,West Bengal,Kolkata,General Physician,129,0.908,Drug_C,0.466,0.40020833333333333,0.908,0.5657,Growth
DOC00313,Karnataka,Mysuru,Diabetologist,196,0.219,Drug_D,0.39,0.6879166666666666,0.219,0.4877,Developing
DOC00314,Delhi NCR,Noida,Diabetologist,143,0.751,Drug_B,0.325,0.474375,0.751,0.5275,Growth
DOC00315,Karnataka,Bengaluru,Internal Medicine,71,0.157,Drug_B,0.274,0.09645833333333333,0.157,0.1501,Low Opportunity
DOC00316,Gujarat,Ahmedabad,Cardiologist,248,0.724,Drug_C,0.517,0.8079166666666666,0.724,0.7246,Growth
DOC00317,Telangana,Warangal,Diabetologist,358,0.655,Drug_B,0.683,0.9291666666666667,0.655,0.7977,Strategic
DOC00318,Karnataka,Mysuru,General Physician,129,0.48,Drug_B,0.382,0.40020833333333333,0.48,0.4205,Developing
DOC00319,Gujarat,Ahmedabad,Diabetologist,373,0.628,Drug_B,0.668,0.93875,0.628,0.7914,Strategic
DOC00320,Maharashtra,Pune,Internal Medicine,144,0.455,Drug_C,0.272,0.4814583333333333,0.455,0.4316,Developing
DOC00321,Gujarat,Surat,Endocrinologist,143,0.828,Drug_B,0.428,0.474375,0.828,0.5712,Growth
DOC00322,West Bengal,Kolkata,Diabetologist,399,0.319,Drug_B,0.407,0.9516666666666667,0.319,0.6529,Growth
DOC00323,Karnataka,Hubballi,Diabetologist,69,0.665,Drug_B,0.434,0.08875,0.665,0.3307,Developing
DOC00324,Telangana,Hyderabad,Internal Medicine,97,0.885,Drug_C,0.393,0.22145833333333334,0.885,0.4548,Developing
DOC00325,Maharashtra,Nagpur,Internal Medicine,105,0.481,Drug_D,0.28,0.2735416666666667,0.481,0.3371,Developing
DOC00326,West Bengal,Kolkata,General Physician,221,0.773,Drug_D,0.499,0.7472916666666667,0.773,0.7053,Growth
DOC00327,West Bengal,Siliguri,Cardiologist,63,0.869,Drug_C,0.532,0.06916666666666667,0.869,0.4017,Developing
DOC00328,Maharashtra,Nashik,Cardiologist,152,0.655,Drug_B,0.463,0.5220833333333333,0.655,0.5501,Growth
DOC00329,Delhi NCR,Delhi,General Physician,148,0.697,Drug_C,0.316,0.500625,0.697,0.5226,Growth
DOC00330,Telangana,Hyderabad,Internal Medicine,57,0.542,Drug_D,0.222,0.050833333333333335,0.542,0.2324,Low Opportunity
DOC00331,Maharashtra,Pune,Endocrinologist,101,0.528,Drug_D,0.279,0.24833333333333332,0.528,0.3384,Developing
DOC00332,Telangana,Hyderabad,General Physician,187,0.777,Drug_D,0.388,0.6570833333333334,0.777,0.6392,Growth
DOC00333,West Bengal,Kolkata,Diabetologist,135,0.444,Drug_C,0.307,0.43395833333333333,0.444,0.4116,Developing
DOC00334,Gujarat,Vadodara,Endocrinologist,134,0.739,Drug_B,0.43,0.428125,0.739,0.5218,Growth
DOC00335,Maharashtra,Pune,Diabetologist,226,0.627,Drug_D,0.562,0.7633333333333333,0.627,0.6822,Growth
DOC00336,Tamil Nadu,Chennai,Endocrinologist,318,0.598,Drug_B,0.61,0.89875,0.598,0.7508,Strategic
DOC00337,West Bengal,Siliguri,Internal Medicine,116,0.674,Drug_B,0.351,0.32666666666666666,0.674,0.4357,Developing
DOC00338,Tamil Nadu,Madurai,Internal Medicine,692,0.404,Drug_C,0.782,0.9966666666666667,0.404,0.7759,Strategic
DOC00339,West Bengal,Kolkata,Internal Medicine,130,0.566,Drug_C,0.252,0.40541666666666665,0.566,0.4229,Developing
DOC00340,Karnataka,Bengaluru,Internal Medicine,175,0.505,Drug_D,0.49,0.615,0.505,0.557,Growth
DOC00341,Telangana,Hyderabad,Internal Medicine,187,0.834,Drug_C,0.503,0.6570833333333334,0.834,0.6793,Growth
DOC00342,Tamil Nadu,Chennai,Internal Medicine,53,0.523,Drug_D,0.284,0.038125,0.523,0.2328,Low Opportunity
DOC00343,Gujarat,Surat,Cardiologist,220,0.259,Drug_D,0.458,0.7447916666666666,0.259,0.5417,Growth
DOC00344,Karnataka,Hubballi,Endocrinologist,98,0.414,Drug_B,0.345,0.22791666666666666,0.414,0.3072,Developing
DOC00345,Maharashtra,Nagpur,Endocrinologist,125,0.343,Drug_D,0.35,0.3779166666666667,0.343,0.3619,Developing
DOC00346,West Bengal,Kolkata,Internal Medicine,251,0.788,Drug_C,0.616,0.81375,0.788,0.7665,Strategic
DOC00347,Tamil Nadu,Madurai,Diabetologist,87,0.903,Drug_C,0.492,0.16770833333333332,0.903,0.4532,Developing
DOC00348,Maharashtra,Pune,Cardiologist,135,0.322,Drug_B,0.152,0.43395833333333333,0.322,0.344,Developing
DOC00349,Tamil Nadu,Coimbatore,Endocrinologist,95,0.891,Drug_D,0.299,0.20833333333333334,0.891,0.4313,Developing
DOC00350,Maharashtra,Pune,General Physician,118,0.549,Drug_B,0.244,0.335625,0.549,0.3813,Developing
DOC00351,Rajasthan,Jaipur,Endocrinologist,176,0.848,Drug_B,0.401,0.6179166666666667,0.848,0.6436,Growth
DOC00352,Delhi NCR,Noida,Endocrinologist,80,0.608,Drug_B,0.392,0.13458333333333333,0.608,0.3281,Developing
DOC00353,Karnataka,Hubballi,Endocrinologist,86,0.696,Drug_B,0.206,0.163125,0.696,0.3316,Developing
DOC00354,Maharashtra,Mumbai,Diabetologist,61,0.399,Drug_B,0.28,0.06270833333333334,0.399,0.2071,Low Opportunity
DOC00355,Maharashtra,Nashik,Diabetologist,83,0.241,Drug_C,0.171,0.15104166666666666,0.241,0.182,Low Opportunity
DOC00356,Delhi NCR,Gurugram,Endocrinologist,124,0.438,Drug_B,0.271,0.3720833333333333,0.438,0.3716,Developing
DOC00357,Tamil Nadu,Coimbatore,Internal Medicine,229,0.523,Drug_D,0.492,0.7697916666666667,0.523,0.6402,Growth
DOC00358,Rajasthan,Jaipur,Internal Medicine,166,0.746,Drug_C,0.445,0.57875,0.746,0.6022,Growth
DOC00359,Maharashtra,Mumbai,Diabetologist,293,0.929,Drug_B,0.558,0.875,0.929,0.8278,Strategic
DOC00360,Delhi NCR,Gurugram,Diabetologist,118,0.758,Drug_C,0.368,0.335625,0.758,0.4688,Developing
DOC00361,West Bengal,Kolkata,Diabetologist,115,0.77,Drug_B,0.352,0.3202083333333333,0.77,0.4615,Developing
DOC00362,Maharashtra,Nashik,General Physician,168,0.758,Drug_C,0.534,0.5883333333333334,0.758,0.6284,Growth
DOC00363,Karnataka,Bengaluru,Internal Medicine,121,0.503,Drug_B,0.468,0.35375,0.503,0.4214,Developing
DOC00364,Karnataka,Bengaluru,Internal Medicine,84,0.461,Drug_B,0.313,0.154375,0.461,0.2781,Developing
DOC00365,West Bengal,Kolkata,Diabetologist,242,0.423,Drug_B,0.487,0.7972916666666666,0.423,0.6229,Growth
DOC00366,Tamil Nadu,Chennai,Diabetologist,181,0.382,Drug_C,0.511,0.6352083333333334,0.382,0.5344,Growth
DOC00367,West Bengal,Siliguri,Internal Medicine,165,0.901,Drug_C,0.456,0.5766666666666667,0.901,0.6498,Growth
DOC00368,West Bengal,Siliguri,General Physician,165,0.307,Drug_D,0.372,0.5766666666666667,0.307,0.4548,Developing
DOC00369,Telangana,Warangal,Internal Medicine,134,0.634,Drug_C,0.404,0.428125,0.634,0.4851,Developing
DOC00370,Gujarat,Surat,Internal Medicine,134,0.642,Drug_C,0.464,0.428125,0.642,0.4995,Developing
DOC00371,Gujarat,Vadodara,Internal Medicine,238,0.722,Drug_B,0.469,0.7885416666666667,0.722,0.7047,Growth
DOC00372,Karnataka,Bengaluru,Internal Medicine,186,0.498,Drug_B,0.411,0.653125,0.498,0.5582,Growth
DOC00373,Delhi NCR,Gurugram,Cardiologist,94,0.184,Drug_C,0.34,0.203125,0.184,0.2248,Low Opportunity
DOC00374,Tamil Nadu,Coimbatore,General Physician,260,0.902,Drug_D,0.766,0.83,0.902,0.8388,Strategic
DOC00375,Maharashtra,Mumbai,Internal Medicine,201,0.191,Drug_C,0.404,0.700625,0.191,0.4884,Developing
DOC00376,Rajasthan,Jaipur,Endocrinologist,410,0.96,Drug_C,0.72,0.9577083333333334,0.96,0.9109,Strategic
DOC00377,Karnataka,Hubballi,Internal Medicine,200,0.302,Drug_C,0.327,0.6952083333333333,0.302,0.5036,Growth
DOC00378,Telangana,Hyderabad,Endocrinologist,85,0.679,Drug_B,0.371,0.15833333333333333,0.679,0.3571,Developing
DOC00379,West Bengal,Siliguri,Endocrinologist,179,0.719,Drug_D,0.392,0.6277083333333333,0.719,0.608,Growth
DOC00380,Karnataka,Mysuru,Diabetologist,992,0.426,Drug_C,0.95,1.0,0.426,0.8178,Strategic
DOC00381,Karnataka,Mysuru,Endocrinologist,330,0.782,Drug_C,0.716,0.9095833333333333,0.782,0.8326,Strategic
DOC00382,Maharashtra,Nashik,Endocrinologist,71,0.69,Drug_B,0.288,0.09645833333333333,0.69,0.3128,Developing
DOC00383,Telangana,Warangal,Internal Medicine,266,0.812,Drug_B,0.599,0.8385416666666666,0.812,0.7827,Strategic
DOC00384,Gujarat,Surat,General Physician,96,0.924,Drug_B,0.489,0.214375,0.924,0.4822,Developing
DOC00385,Maharashtra,Nashik,Diabetologist,476,0.649,Drug_C,0.625,0.978125,0.649,0.8088,Strategic
DOC00386,Gujarat,Vadodara,Internal Medicine,50,0.944,Drug_D,0.537,0.015833333333333335,0.944,0.3985,Developing
DOC00387,Maharashtra,Mumbai,Internal Medicine,275,0.507,Drug_B,0.487,0.8520833333333333,0.507,0.6755,Growth
DOC00388,Tamil Nadu,Chennai,Cardiologist,192,0.58,Drug_C,0.353,0.6747916666666667,0.58,0.582,Growth
DOC00389,Karnataka,Hubballi,Endocrinologist,433,0.319,Drug_B,0.689,0.9666666666666667,0.319,0.7168,Growth
DOC00390,West Bengal,Siliguri,Endocrinologist,166,0.536,Drug_B,0.327,0.57875,0.536,0.5156,Growth
DOC00391,Karnataka,Mysuru,Cardiologist,167,0.522,Drug_B,0.393,0.583125,0.522,0.5268,Growth
DOC00392,Maharashtra,Nagpur,General Physician,54,0.849,Drug_B,0.376,0.042291666666666665,0.849,0.351,Developing
DOC00393,Tamil Nadu,Madurai,General Physician,90,0.795,Drug_B,0.513,0.184375,0.795,0.4333,Developing
DOC00394,Delhi NCR,Noida,Endocrinologist,81,0.602,Drug_B,0.346,0.139375,0.602,0.3195,Developing
DOC00395,Gujarat,Ahmedabad,Internal Medicine,50,0.779,Drug_C,0.33,0.015833333333333335,0.779,0.3076,Developing
DOC00396,West Bengal,Kolkata,Internal Medicine,116,0.175,Drug_B,0.266,0.32666666666666666,0.175,0.269,Developing
DOC00397,West Bengal,Siliguri,Endocrinologist,116,0.829,Drug_D,0.471,0.32666666666666666,0.829,0.5062,Growth
DOC00398,Gujarat,Vadodara,Endocrinologist,50,0.652,Drug_B,0.349,0.015833333333333335,0.652,0.2733,Developing
DOC00399,Karnataka,Mysuru,Internal Medicine,782,0.812,Drug_B,0.943,0.99875,0.812,0.9316,Strategic
DOC00400,Karnataka,Bengaluru,Cardiologist,202,0.557,Drug_B,0.497,0.705,0.557,0.619,Growth
DOC00401,Karnataka,Mysuru,Diabetologist,150,0.389,Drug_C,0.323,0.5116666666666667,0.389,0.4371,Developing
DOC00402,Maharashtra,Mumbai,General Physician,50,0.704,Drug_B,0.249,0.015833333333333335,0.704,0.2689,Developing
DOC00403,Maharashtra,Nagpur,Internal Medicine,121,0.48,Drug_B,0.319,0.35375,0.48,0.3847,Developing
DOC00404,Rajasthan,Jodhpur,Diabetologist,189,0.459,Drug_C,0.325,0.6635416666666667,0.459,0.5345,Growth
DOC00405,Karnataka,Mysuru,Cardiologist,64,0.838,Drug_B,0.449,0.07208333333333333,0.838,0.3772,Developing
DOC00406,Maharashtra,Nashik,Diabetologist,120,0.873,Drug_B,0.567,0.3485416666666667,0.873,0.5496,Growth
DOC00407,Delhi NCR,Delhi,General Physician,170,0.805,Drug_B,0.45,0.5970833333333333,0.805,0.63,Growth
DOC00408,Gujarat,Surat,Diabetologist,141,0.727,Drug_B,0.559,0.46375,0.727,0.5618,Growth
DOC00409,Karnataka,Mysuru,Diabetologist,135,0.414,Drug_D,0.454,0.43395833333333333,0.414,0.432,Developing
DOC00410,Tamil Nadu,Coimbatore,General Physician,101,0.414,Drug_C,0.215,0.24833333333333332,0.414,0.2914,Developing
DOC00411,Delhi NCR,Delhi,Internal Medicine,182,0.859,Drug_C,0.433,0.6395833333333333,0.859,0.6641,Growth
DOC00412,Karnataka,Bengaluru,Cardiologist,145,0.679,Drug_B,0.548,0.4875,0.679,0.557,Growth
DOC00413,Karnataka,Bengaluru,General Physician,70,0.316,Drug_B,0.239,0.09270833333333334,0.316,0.189,Low Opportunity
DOC00414,Maharashtra,Nagpur,Internal Medicine,144,0.596,Drug_D,0.389,0.4814583333333333,0.596,0.4973,Developing
DOC00415,Gujarat,Surat,Diabetologist,98,0.879,Drug_D,0.407,0.22791666666666666,0.879,0.4591,Developing
DOC00416,Rajasthan,Jodhpur,Internal Medicine,167,0.567,Drug_B,0.561,0.583125,0.567,0.5739,Growth
DOC00417,Telangana,Hyderabad,Diabetologist,390,0.673,Drug_C,0.592,0.9472916666666666,0.673,0.7939,Strategic
DOC00418,Rajasthan,Jaipur,Internal Medicine,112,0.65,Drug_D,0.53,0.30875,0.65,0.4554,Developing
DOC00419,Karnataka,Bengaluru,Internal Medicine,207,0.366,Drug_C,0.484,0.713125,0.366,0.5632,Growth
DOC00420,Rajasthan,Jodhpur,Internal Medicine,126,0.198,Drug_B,0.289,0.38458333333333333,0.198,0.3095,Developing
DOC00421,Karnataka,Bengaluru,Diabetologist,130,0.411,Drug_B,0.5,0.40541666666666665,0.411,0.426,Developing
DOC00422,Karnataka,Mysuru,Endocrinologist,181,0.703,Drug_B,0.492,0.6352083333333334,0.703,0.6269,Growth
DOC00423,Delhi NCR,Delhi,General Physician,150,0.467,Drug_C,0.415,0.5116666666666667,0.467,0.4789,Developing
DOC00424,Delhi NCR,Noida,Endocrinologist,180,0.872,Drug_B,0.564,0.631875,0.872,0.6903,Growth
DOC00425,Karnataka,Hubballi,Diabetologist,195,0.6,Drug_D,0.384,0.6845833333333333,0.6,0.5991,Growth
DOC00426,Maharashtra,Mumbai,General Physician,366,0.485,Drug_C,0.369,0.9370833333333334,0.485,0.6878,Growth
DOC00427,Telangana,Warangal,Diabetologist,230,0.689,Drug_D,0.626,0.7722916666666667,0.689,0.718,Growth
DOC00428,Gujarat,Vadodara,Diabetologist,134,0.683,Drug_B,0.457,0.428125,0.683,0.5104,Growth
DOC00429,Karnataka,Bengaluru,Cardiologist,177,0.644,Drug_B,0.497,0.6204166666666666,0.644,0.6028,Growth
DOC00430,Tamil Nadu,Coimbatore,Diabetologist,82,0.822,Drug_C,0.387,0.14583333333333334,0.822,0.3969,Developing
DOC00431,Gujarat,Surat,Diabetologist,50,0.345,Drug_B,0.282,0.015833333333333335,0.345,0.1678,Low Opportunity
DOC00432,Karnataka,Hubballi,Diabetologist,183,0.672,Drug_C,0.339,0.644375,0.672,0.5916,Growth
DOC00433,Maharashtra,Nashik,Internal Medicine,76,0.304,Drug_D,0.285,0.1175,0.304,0.2069,Low Opportunity
DOC00434,Delhi NCR,Delhi,Cardiologist,143,0.537,Drug_B,0.433,0.474375,0.537,0.4849,Developing
DOC00435,Tamil Nadu,Chennai,Endocrinologist,92,0.794,Drug_B,0.468,0.19354166666666667,0.794,0.4286,Developing
DOC00436,Karnataka,Mysuru,Cardiologist,241,0.501,Drug_C,0.46,0.794375,0.501,0.6395,Growth
DOC00437,Telangana,Hyderabad,Endocrinologist,172,0.651,Drug_C,0.579,0.605,0.651,0.6136,Growth
DOC00438,Telangana,Hyderabad,Internal Medicine,105,0.777,Drug_B,0.381,0.2735416666666667,0.777,0.4461,Developing
DOC00439,Delhi NCR,Gurugram,Internal Medicine,98,0.472,Drug_B,0.347,0.22791666666666666,0.472,0.325,Developing
DOC00440,Tamil Nadu,Coimbatore,Internal Medicine,54,0.553,Drug_B,0.267,0.042291666666666665,0.553,0.2404,Low Opportunity
DOC00441,Gujarat,Vadodara,Cardiologist,273,0.234,Drug_D,0.45,0.8489583333333334,0.234,0.5847,Growth
DOC00442,Maharashtra,Nashik,Endocrinologist,90,0.563,Drug_B,0.278,0.184375,0.563,0.3167,Developing
DOC00443,Maharashtra,Mumbai,Endocrinologist,126,0.872,Drug_B,0.541,0.38458333333333333,0.872,0.5621,Growth
DOC00444,Delhi NCR,Gurugram,Internal Medicine,127,0.613,Drug_D,0.465,0.38979166666666665,0.613,0.4718,Developing
DOC00445,Maharashtra,Nagpur,Diabetologist,239,0.881,Drug_C,0.575,0.7902083333333333,0.881,0.7744,Strategic
DOC00446,Tamil Nadu,Chennai,Diabetologist,109,0.587,Drug_C,0.413,0.2939583333333333,0.587,0.4057,Developing
DOC00447,West Bengal,Kolkata,Endocrinologist,357,0.36,Drug_B,0.507,0.9285416666666667,0.36,0.6737,Growth
DOC00448,Telangana,Warangal,Internal Medicine,72,0.67,Drug_B,0.4,0.100625,0.67,0.3313,Developing
DOC00449,West Bengal,Kolkata,Internal Medicine,149,0.963,Drug_C,0.502,0.5058333333333334,0.963,0.6422,Growth
DOC00450,Rajasthan,Jodhpur,Diabetologist,179,0.785,Drug_B,0.533,0.6277083333333333,0.785,0.656,Growth
DOC00451,West Bengal,Siliguri,Diabetologist,71,0.877,Drug_C,0.395,0.09645833333333333,0.877,0.3903,Developing
DOC00452,Karnataka,Mysuru,Internal Medicine,163,0.201,Drug_D,0.293,0.5720833333333334,0.201,0.4049,Developing
DOC00453,Tamil Nadu,Coimbatore,Internal Medicine,225,0.56,Drug_B,0.365,0.7604166666666666,0.56,0.6212,Growth
DOC00454,Karnataka,Hubballi,Cardiologist,94,0.814,Drug_C,0.461,0.203125,0.814,0.438,Developing
DOC00455,Maharashtra,Mumbai,Diabetologist,79,0.454,Drug_C,0.329,0.12958333333333333,0.454,0.2668,Developing
DOC00456,Maharashtra,Pune,Diabetologist,455,0.157,Drug_D,0.511,0.9741666666666666,0.157,0.6364,Growth
DOC00457,Rajasthan,Jodhpur,Diabetologist,214,0.668,Drug_D,0.661,0.7302083333333333,0.668,0.6977,Growth
DOC00458,Maharashtra,Mumbai,General Physician,163,0.608,Drug_C,0.479,0.5720833333333334,0.608,0.5642,Growth
DOC00459,Tamil Nadu,Coimbatore,Internal Medicine,172,0.434,Drug_C,0.524,0.605,0.434,0.5375,Growth
DOC00460,Gujarat,Ahmedabad,Diabetologist,201,0.532,Drug_C,0.493,0.700625,0.532,0.6085,Growth
DOC00461,Tamil Nadu,Madurai,Cardiologist,50,0.593,Drug_B,0.401,0.015833333333333335,0.593,0.266,Developing
DOC00462,Tamil Nadu,Coimbatore,Endocrinologist,140,0.423,Drug_B,0.376,0.45895833333333336,0.423,0.4316,Developing
DOC00463,Karnataka,Mysuru,General Physician,253,0.529,Drug_D,0.574,0.8170833333333334,0.529,0.682,Growth
DOC00464,West Bengal,Siliguri,Endocrinologist,337,0.865,Drug_D,0.605,0.9139583333333333,0.865,0.8375,Strategic
DOC00465,Tamil Nadu,Madurai,Internal Medicine,218,0.563,Drug_D,0.452,0.7402083333333334,0.563,0.6294,Growth
DOC00466,Tamil Nadu,Coimbatore,Diabetologist,180,0.422,Drug_C,0.254,0.631875,0.422,0.4933,Developing
DOC00467,Karnataka,Mysuru,Endocrinologist,50,0.8,Drug_B,0.351,0.015833333333333335,0.8,0.3181,Developing
DOC00468,Gujarat,Surat,General Physician,118,0.365,Drug_B,0.415,0.335625,0.365,0.3603,Developing
DOC00469,Rajasthan,Jaipur,Internal Medicine,161,0.803,Drug_B,0.343,0.5672916666666666,0.803,0.5931,Growth
DOC00470,West Bengal,Siliguri,Internal Medicine,186,0.752,Drug_C,0.482,0.653125,0.752,0.6486,Growth
DOC00471,Rajasthan,Jaipur,Cardiologist,268,0.553,Drug_B,0.479,0.8410416666666667,0.553,0.6822,Growth
DOC00472,Tamil Nadu,Chennai,Internal Medicine,168,0.265,Drug_B,0.413,0.5883333333333334,0.265,0.4563,Developing
DOC00473,Karnataka,Bengaluru,General Physician,148,0.818,Drug_C,0.544,0.500625,0.818,0.6045,Growth
DOC00474,Gujarat,Surat,Cardiologist,119,0.472,Drug_B,0.456,0.34229166666666666,0.472,0.4039,Developing
DOC00475,Karnataka,Bengaluru,Endocrinologist,259,0.516,Drug_D,0.487,0.8270833333333333,0.516,0.6657,Growth
DOC00476,Gujarat,Ahmedabad,Internal Medicine,54,0.134,Drug_C,0.308,0.042291666666666665,0.134,0.1229,Low Opportunity
DOC00477,Maharashtra,Nagpur,Endocrinologist,99,0.67,Drug_B,0.399,0.23458333333333334,0.67,0.3981,Developing
DOC00478,Telangana,Hyderabad,Endocrinologist,86,0.517,Drug_C,0.294,0.163125,0.517,0.2955,Developing
DOC00479,Maharashtra,Mumbai,General Physician,425,0.566,Drug_B,0.699,0.9627083333333334,0.566,0.791,Strategic
DOC00480,Karnataka,Hubballi,Internal Medicine,104,0.506,Drug_B,0.301,0.26625,0.506,0.3451,Developing
DOC00481,Karnataka,Bengaluru,Cardiologist,193,0.297,Drug_B,0.564,0.6783333333333333,0.297,0.5411,Growth
DOC00482,Tamil Nadu,Madurai,Endocrinologist,91,0.807,Drug_B,0.496,0.18895833333333334,0.807,0.4358,Developing
DOC00483,West Bengal,Kolkata,Internal Medicine,133,0.441,Drug_B,0.431,0.421875,0.441,0.4294,Developing
DOC00484,Maharashtra,Nashik,Diabetologist,212,0.698,Drug_B,0.613,0.7258333333333333,0.698,0.6949,Growth
DOC00485,West Bengal,Kolkata,Endocrinologist,155,0.456,Drug_B,0.362,0.5375,0.456,0.478,Developing
DOC00486,Karnataka,Mysuru,Internal Medicine,107,0.99,Drug_B,0.349,0.2839583333333333,0.99,0.5088,Growth
DOC00487,Rajasthan,Jaipur,Cardiologist,148,0.403,Drug_C,0.422,0.500625,0.403,0.4556,Developing
DOC00488,Karnataka,Mysuru,General Physician,194,0.526,Drug_B,0.451,0.68125,0.526,0.5886,Growth
DOC00489,Tamil Nadu,Madurai,Internal Medicine,81,0.627,Drug_C,0.295,0.139375,0.627,0.3168,Developing
DOC00490,Karnataka,Bengaluru,Diabetologist,475,0.857,Drug_B,0.739,0.9775,0.857,0.8936,Strategic
DOC00491,Rajasthan,Udaipur,Diabetologist,168,0.573,Drug_B,0.436,0.5883333333333334,0.573,0.5533,Growth
DOC00492,Maharashtra,Pune,Cardiologist,203,0.764,Drug_B,0.486,0.7066666666666667,0.764,0.6797,Growth
DOC00493,Maharashtra,Nashik,Cardiologist,77,0.661,Drug_B,0.27,0.12208333333333334,0.661,0.3133,Developing
DOC00494,West Bengal,Siliguri,Internal Medicine,109,0.69,Drug_D,0.48,0.2939583333333333,0.69,0.45,Developing
DOC00495,Karnataka,Mysuru,General Physician,312,0.602,Drug_C,0.58,0.8929166666666667,0.602,0.7431,Growth
DOC00496,Rajasthan,Jaipur,Cardiologist,62,0.656,Drug_B,0.391,0.06625,0.656,0.3081,Developing
DOC00497,Rajasthan,Udaipur,Cardiologist,101,0.549,Drug_D,0.35,0.24833333333333332,0.549,0.3589,Developing
DOC00498,Tamil Nadu,Madurai,Internal Medicine,91,0.335,Drug_B,0.206,0.18895833333333334,0.335,0.2362,Low Opportunity
DOC00499,West Bengal,Siliguri,Diabetologist,169,0.602,Drug_C,0.427,0.5925,0.602,0.5622,Growth
DOC00500,Rajasthan,Jaipur,Internal Medicine,223,0.313,Drug_B,0.354,0.7552083333333334,0.313,0.5423,Growth
DOC00501,Karnataka,Mysuru,Endocrinologist,116,0.769,Drug_D,0.459,0.32666666666666666,0.769,0.4858,Developing
DOC00502,West Bengal,Kolkata,Diabetologist,97,0.655,Drug_B,0.585,0.22145833333333334,0.655,0.4242,Developing
DOC00503,Gujarat,Vadodara,General Physician,145,0.816,Drug_D,0.565,0.4875,0.816,0.6015,Growth
DOC00504,Gujarat,Surat,Internal Medicine,159,0.442,Drug_B,0.427,0.5583333333333333,0.442,0.4972,Developing
DOC00505,Maharashtra,Mumbai,General Physician,225,0.731,Drug_B,0.46,0.7604166666666666,0.731,0.6915,Growth
DOC00506,Delhi NCR,Delhi,Endocrinologist,363,0.755,Drug_B,0.661,0.9347916666666667,0.755,0.8261,Strategic
DOC00507,Karnataka,Bengaluru,Internal Medicine,82,0.665,Drug_D,0.398,0.14583333333333334,0.665,0.352,Developing
DOC00508,Delhi NCR,Delhi,Endocrinologist,141,0.286,Drug_B,0.289,0.46375,0.286,0.3755,Developing
DOC00509,Delhi NCR,Gurugram,Cardiologist,132,0.694,Drug_B,0.44,0.41625,0.694,0.5043,Growth
DOC00510,Telangana,Warangal,Diabetologist,174,0.585,Drug_D,0.495,0.6120833333333333,0.585,0.5805,Growth
DOC00511,Maharashtra,Nagpur,Endocrinologist,154,0.774,Drug_D,0.565,0.531875,0.774,0.6111,Growth
DOC00512,Maharashtra,Pune,Internal Medicine,182,0.921,Drug_B,0.504,0.6395833333333333,0.921,0.6969,Growth
DOC00513,Tamil Nadu,Coimbatore,Diabetologist,104,0.37,Drug_B,0.373,0.26625,0.37,0.3187,Developing
DOC00514,West Bengal,Kolkata,Diabetologist,285,0.822,Drug_B,0.676,0.8645833333333334,0.822,0.8141,Strategic
DOC00515,Gujarat,Vadodara,Cardiologist,195,0.795,Drug_D,0.373,0.6845833333333333,0.795,0.6554,Growth
DOC00516,Telangana,Hyderabad,Internal Medicine,128,0.675,Drug_D,0.478,0.39458333333333334,0.675,0.4954,Developing
DOC00517,Gujarat,Surat,Endocrinologist,258,0.8,Drug_B,0.481,0.8245833333333333,0.8,0.7485,Growth
DOC00518,Maharashtra,Nagpur,Diabetologist,142,0.661,Drug_B,0.425,0.4685416666666667,0.661,0.5176,Growth
DOC00519,Rajasthan,Udaipur,General Physician,145,0.791,Drug_C,0.381,0.4875,0.791,0.5572,Growth
DOC00520,Tamil Nadu,Madurai,Diabetologist,53,0.631,Drug_B,0.265,0.038125,0.631,0.2614,Developing
DOC00521,Tamil Nadu,Madurai,Internal Medicine,231,0.65,Drug_D,0.535,0.7739583333333333,0.65,0.689,Growth
DOC00522,Tamil Nadu,Madurai,Endocrinologist,82,0.322,Drug_B,0.254,0.14583333333333334,0.322,0.2203,Low Opportunity
DOC00523,Tamil Nadu,Madurai,Internal Medicine,229,0.912,Drug_C,0.373,0.7697916666666667,0.912,0.7331,Growth
DOC00524,Maharashtra,Mumbai,Internal Medicine,228,0.563,Drug_B,0.434,0.7677083333333333,0.563,0.6396,Growth
DOC00525,Maharashtra,Nashik,Internal Medicine,154,0.725,Drug_D,0.487,0.531875,0.725,0.5808,Growth
DOC00526,Gujarat,Ahmedabad,Internal Medicine,304,0.418,Drug_D,0.612,0.8889583333333333,0.418,0.6923,Growth
DOC00527,Tamil Nadu,Chennai,Diabetologist,211,0.514,Drug_B,0.465,0.7235416666666666,0.514,0.609,Growth
DOC00528,Delhi NCR,Gurugram,Endocrinologist,99,0.667,Drug_D,0.324,0.23458333333333334,0.667,0.3822,Developing
DOC00529,West Bengal,Siliguri,Internal Medicine,159,0.859,Drug_B,0.629,0.5583333333333333,0.859,0.6627,Growth
DOC00530,Gujarat,Surat,Endocrinologist,85,0.617,Drug_D,0.385,0.15833333333333333,0.617,0.3413,Developing
DOC00531,Tamil Nadu,Chennai,Internal Medicine,70,0.731,Drug_B,0.43,0.09270833333333334,0.731,0.3517,Developing
DOC00532,Maharashtra,Mumbai,Endocrinologist,138,0.704,Drug_B,0.526,0.446875,0.704,0.5398,Growth
DOC00533,West Bengal,Siliguri,Cardiologist,93,0.664,Drug_B,0.346,0.19854166666666667,0.664,0.3677,Developing
DOC00534,West Bengal,Siliguri,Endocrinologist,228,0.575,Drug_B,0.508,0.7677083333333333,0.575,0.658,Growth
DOC00535,Karnataka,Bengaluru,General Physician,100,0.391,Drug_C,0.358,0.24208333333333334,0.391,0.3099,Developing
DOC00536,Gujarat,Ahmedabad,General Physician,131,0.547,Drug_B,0.337,0.410625,0.547,0.4368,Developing
DOC00537,Rajasthan,Jaipur,Endocrinologist,139,0.515,Drug_B,0.443,0.45375,0.515,0.47,Developing
DOC00538,Karnataka,Hubballi,Endocrinologist,291,0.508,Drug_B,0.663,0.871875,0.508,0.7209,Growth
DOC00539,Tamil Nadu,Coimbatore,General Physician,248,0.534,Drug_B,0.529,0.8079166666666666,0.534,0.67,Growth
DOC00540,Tamil Nadu,Coimbatore,General Physician,217,0.413,Drug_D,0.458,0.73875,0.413,0.5849,Growth
DOC00541,West Bengal,Siliguri,General Physician,109,0.653,Drug_C,0.431,0.2939583333333333,0.653,0.4291,Developing
DOC00542,Tamil Nadu,Coimbatore,Diabetologist,173,0.688,Drug_C,0.502,0.6095833333333334,0.688,0.6116,Growth
DOC00543,West Bengal,Kolkata,General Physician,125,0.872,Drug_D,0.536,0.3779166666666667,0.872,0.5578,Growth
DOC00544,Karnataka,Bengaluru,Diabetologist,120,0.84,Drug_B,0.504,0.3485416666666667,0.84,0.5271,Growth
DOC00545,Telangana,Warangal,Internal Medicine,128,0.473,Drug_C,0.322,0.39458333333333334,0.473,0.4036,Developing
DOC00546,West Bengal,Kolkata,Internal Medicine,278,0.846,Drug_C,0.618,0.856875,0.846,0.8058,Strategic
DOC00547,Rajasthan,Jodhpur,Diabetologist,50,0.898,Drug_B,0.378,0.015833333333333335,0.898,0.3529,Developing
DOC00548,West Bengal,Siliguri,Internal Medicine,161,0.294,Drug_C,0.215,0.5672916666666666,0.294,0.4148,Developing
DOC00549,Telangana,Warangal,General Physician,50,0.612,Drug_B,0.379,0.015833333333333335,0.612,0.2673,Developing
DOC00550,Maharashtra,Pune,Internal Medicine,276,0.619,Drug_B,0.595,0.854375,0.619,0.7319,Growth
DOC00551,Rajasthan,Udaipur,Endocrinologist,138,0.485,Drug_C,0.401,0.446875,0.485,0.4491,Developing
DOC00552,West Bengal,Kolkata,Endocrinologist,177,0.398,Drug_B,0.352,0.6204166666666666,0.398,0.5,Developing
DOC00553,Delhi NCR,Delhi,Internal Medicine,287,0.513,Drug_C,0.517,0.8672916666666667,0.513,0.6909,Growth
DOC00554,Karnataka,Hubballi,Internal Medicine,106,0.8,Drug_B,0.576,0.2783333333333333,0.8,0.4944,Developing
DOC00555,Karnataka,Bengaluru,Endocrinologist,316,0.811,Drug_B,0.637,0.8966666666666666,0.811,0.819,Strategic
DOC00556,Karnataka,Mysuru,Diabetologist,166,0.584,Drug_C,0.518,0.57875,0.584,0.5682,Growth
DOC00557,Maharashtra,Pune,Endocrinologist,136,0.252,Drug_B,0.392,0.43875,0.252,0.3734,Developing
DOC00558,Delhi NCR,Noida,Endocrinologist,172,0.512,Drug_B,0.427,0.605,0.512,0.5415,Growth
DOC00559,Maharashtra,Nashik,Diabetologist,252,0.897,Drug_D,0.592,0.8160416666666667,0.897,0.7955,Strategic
DOC00560,Maharashtra,Pune,Internal Medicine,50,0.734,Drug_B,0.351,0.015833333333333335,0.734,0.2983,Developing
DOC00561,Delhi NCR,Delhi,General Physician,222,0.645,Drug_D,0.575,0.750625,0.645,0.6838,Growth
DOC00562,Maharashtra,Nagpur,Internal Medicine,93,0.578,Drug_D,0.465,0.19854166666666667,0.578,0.3657,Developing
DOC00563,West Bengal,Siliguri,Endocrinologist,114,0.918,Drug_D,0.508,0.3154166666666667,0.918,0.5347,Growth
DOC00564,West Bengal,Kolkata,General Physician,570,0.856,Drug_B,0.768,0.9908333333333333,0.856,0.9058,Strategic
DOC00565,Telangana,Warangal,Cardiologist,121,0.472,Drug_B,0.523,0.35375,0.472,0.4231,Developing
DOC00566,Rajasthan,Jodhpur,Endocrinologist,234,0.827,Drug_D,0.527,0.7802083333333333,0.827,0.7436,Growth
DOC00567,Karnataka,Hubballi,Internal Medicine,190,0.652,Drug_B,0.446,0.6679166666666667,0.652,0.6188,Growth
DOC00568,Delhi NCR,Delhi,Internal Medicine,220,0.742,Drug_B,0.554,0.7447916666666666,0.742,0.7058,Growth
DOC00569,West Bengal,Kolkata,Internal Medicine,190,0.308,Drug_C,0.278,0.6679166666666667,0.308,0.482,Developing
DOC00570,Karnataka,Hubballi,Endocrinologist,242,0.605,Drug_C,0.493,0.7972916666666666,0.605,0.6787,Growth
DOC00571,Gujarat,Vadodara,General Physician,225,0.928,Drug_D,0.34,0.7604166666666666,0.928,0.7266,Growth
DOC00572,Karnataka,Bengaluru,Diabetologist,236,0.126,Drug_D,0.226,0.7852083333333333,0.126,0.4756,Developing
DOC00573,Delhi NCR,Delhi,Endocrinologist,89,0.52,Drug_D,0.479,0.17729166666666665,0.52,0.3404,Developing
DOC00574,Maharashtra,Nagpur,Diabetologist,290,0.461,Drug_B,0.511,0.8702083333333334,0.461,0.6756,Growth
DOC00575,Gujarat,Vadodara,General Physician,148,0.664,Drug_B,0.554,0.500625,0.664,0.5603,Growth
DOC00576,Karnataka,Bengaluru,Endocrinologist,218,0.18,Drug_B,0.33,0.7402083333333334,0.18,0.4901,Developing
DOC00577,Karnataka,Bengaluru,Diabetologist,124,0.412,Drug_C,0.241,0.3720833333333333,0.412,0.3578,Developing
DOC00578,Tamil Nadu,Madurai,General Physician,238,0.605,Drug_B,0.477,0.7885416666666667,0.605,0.6712,Growth
DOC00579,Gujarat,Ahmedabad,Internal Medicine,225,0.798,Drug_B,0.615,0.7604166666666666,0.798,0.7426,Growth
DOC00580,Rajasthan,Jaipur,Internal Medicine,58,0.839,Drug_B,0.355,0.05395833333333333,0.839,0.3497,Developing
DOC00581,Gujarat,Ahmedabad,General Physician,361,0.816,Drug_D,0.686,0.9310416666666667,0.816,0.8475,Strategic
DOC00582,Karnataka,Hubballi,General Physician,479,0.847,Drug_B,0.815,0.9789583333333334,0.847,0.9066,Strategic
DOC00583,Delhi NCR,Noida,Internal Medicine,99,0.263,Drug_C,0.345,0.23458333333333334,0.263,0.2652,Developing
DOC00584,Karnataka,Bengaluru,Endocrinologist,83,0.681,Drug_B,0.426,0.15104166666666666,0.681,0.365,Developing
DOC00585,Karnataka,Bengaluru,Internal Medicine,220,0.657,Drug_C,0.513,0.7447916666666666,0.657,0.6721,Growth
DOC00586,Delhi NCR,Delhi,Endocrinologist,459,0.781,Drug_C,0.741,0.9752083333333333,0.781,0.8701,Strategic
DOC00587,Karnataka,Mysuru,Endocrinologist,227,0.812,Drug_B,0.508,0.7658333333333334,0.812,0.7281,Growth
DOC00588,West Bengal,Kolkata,Endocrinologist,259,0.583,Drug_D,0.446,0.8270833333333333,0.583,0.6776,Growth
DOC00589,Gujarat,Ahmedabad,Cardiologist,163,0.362,Drug_D,0.354,0.5720833333333334,0.362,0.4654,Developing
DOC00590,Maharashtra,Pune,General Physician,188,0.907,Drug_B,0.687,0.660625,0.907,0.7398,Growth
DOC00591,Karnataka,Mysuru,Endocrinologist,126,0.28,Drug_B,0.304,0.38458333333333333,0.28,0.3371,Developing
DOC00592,Karnataka,Mysuru,Diabetologist,242,0.358,Drug_B,0.422,0.7972916666666666,0.358,0.5904,Growth
DOC00593,Telangana,Warangal,Cardiologist,436,0.693,Drug_B,0.507,0.968125,0.693,0.7934,Strategic
DOC00594,Karnataka,Hubballi,Internal Medicine,125,0.757,Drug_D,0.607,0.3779166666666667,0.757,0.5375,Growth
DOC00595,Telangana,Warangal,General Physician,255,0.642,Drug_C,0.558,0.81875,0.642,0.7136,Growth
DOC00596,Tamil Nadu,Chennai,Diabetologist,143,0.97,Drug_D,0.644,0.474375,0.97,0.657,Growth
DOC00597,Gujarat,Ahmedabad,Internal Medicine,97,0.814,Drug_B,0.276,0.22145833333333334,0.814,0.4101,Developing
DOC00598,Maharashtra,Mumbai,General Physician,66,0.379,Drug_C,0.366,0.07833333333333334,0.379,0.2261,Low Opportunity
DOC00599,Telangana,Warangal,Internal Medicine,131,0.397,Drug_C,0.275,0.410625,0.397,0.3794,Developing
DOC00600,Rajasthan,Udaipur,Internal Medicine,336,0.516,Drug_D,0.661,0.9129166666666667,0.516,0.7435,Growth
DOC00601,Delhi NCR,Delhi,Internal Medicine,105,0.726,Drug_B,0.415,0.2735416666666667,0.726,0.4376,Developing
DOC00602,Karnataka,Bengaluru,Internal Medicine,101,0.777,Drug_D,0.401,0.24833333333333332,0.777,0.4375,Developing
DOC00603,Maharashtra,Nashik,Diabetologist,138,0.635,Drug_D,0.4,0.446875,0.635,0.4939,Developing
DOC00604,Maharashtra,Nashik,Internal Medicine,83,0.538,Drug_B,0.475,0.15104166666666666,0.538,0.3319,Developing
DOC00605,Rajasthan,Jaipur,Internal Medicine,402,0.526,Drug_C,0.621,0.9533333333333334,0.526,0.7587,Strategic
DOC00606,Delhi NCR,Delhi,Diabetologist,149,0.542,Drug_D,0.353,0.5058333333333334,0.542,0.4861,Developing
DOC00607,Maharashtra,Pune,Diabetologist,276,0.536,Drug_D,0.753,0.854375,0.536,0.7386,Growth
DOC00608,Gujarat,Ahmedabad,Internal Medicine,223,0.453,Drug_B,0.464,0.7552083333333334,0.453,0.6063,Growth
DOC00609,Telangana,Warangal,Internal Medicine,154,0.253,Drug_C,0.245,0.531875,0.253,0.3908,Developing
DOC00610,Delhi NCR,Gurugram,General Physician,157,0.499,Drug_B,0.314,0.549375,0.499,0.4872,Developing
DOC00611,West Bengal,Kolkata,General Physician,470,0.218,Drug_B,0.604,0.9770833333333333,0.218,0.6747,Growth
DOC00612,Gujarat,Ahmedabad,Diabetologist,433,0.777,Drug_D,0.67,0.9666666666666667,0.777,0.8504,Strategic
DOC00613,Karnataka,Bengaluru,Endocrinologist,608,0.425,Drug_D,0.756,0.9933333333333333,0.425,0.7754,Strategic
DOC00614,Delhi NCR,Gurugram,Internal Medicine,60,0.589,Drug_D,0.326,0.058958333333333335,0.589,0.2714,Developing
DOC00615,Maharashtra,Nashik,Endocrinologist,86,0.787,Drug_D,0.446,0.163125,0.787,0.4069,Developing
DOC00616,Delhi NCR,Noida,General Physician,107,0.675,Drug_B,0.337,0.2839583333333333,0.675,0.4119,Developing
DOC00617,Gujarat,Ahmedabad,Diabetologist,128,0.684,Drug_C,0.348,0.39458333333333334,0.684,0.4721,Developing
DOC00618,Delhi NCR,Noida,Endocrinologist,476,0.677,Drug_B,0.755,0.978125,0.677,0.8432,Strategic
DOC00619,Delhi NCR,Noida,General Physician,90,0.626,Drug_B,0.258,0.184375,0.626,0.3316,Developing
DOC00620,Maharashtra,Pune,Endocrinologist,142,0.37,Drug_C,0.45,0.4685416666666667,0.37,0.4353,Developing
DOC00621,Maharashtra,Nagpur,Internal Medicine,269,0.758,Drug_C,0.52,0.8427083333333333,0.758,0.7528,Strategic
DOC00622,Tamil Nadu,Madurai,Internal Medicine,103,0.908,Drug_D,0.378,0.25958333333333333,0.908,0.4778,Developing
DOC00623,Telangana,Hyderabad,Internal Medicine,140,0.619,Drug_B,0.326,0.45895833333333336,0.619,0.4804,Developing
DOC00624,Rajasthan,Jaipur,Diabetologist,293,0.539,Drug_B,0.546,0.875,0.539,0.7084,Growth
DOC00625,Maharashtra,Nashik,Endocrinologist,228,0.751,Drug_B,0.523,0.7677083333333333,0.751,0.7138,Growth
DOC00626,Maharashtra,Nagpur,Cardiologist,147,0.405,Drug_D,0.395,0.495625,0.405,0.4483,Developing
DOC00627,Maharashtra,Mumbai,Endocrinologist,171,0.347,Drug_C,0.434,0.6010416666666667,0.347,0.4914,Developing
DOC00628,Rajasthan,Udaipur,Internal Medicine,214,0.401,Drug_B,0.435,0.7302083333333333,0.401,0.5724,Growth
DOC00629,West Bengal,Siliguri,Diabetologist,144,0.266,Drug_B,0.304,0.4814583333333333,0.266,0.3813,Developing
DOC00630,Rajasthan,Jaipur,Internal Medicine,109,0.749,Drug_D,0.391,0.2939583333333333,0.749,0.4499,Developing
DOC00631,Gujarat,Vadodara,Endocrinologist,50,0.529,Drug_B,0.438,0.015833333333333335,0.529,0.2542,Developing
DOC00632,Gujarat,Vadodara,Diabetologist,162,0.717,Drug_D,0.407,0.5689583333333333,0.717,0.581,Growth
DOC00633,Delhi NCR,Gurugram,General Physician,51,0.547,Drug_D,0.413,0.03270833333333333,0.547,0.2631,Developing
DOC00634,Delhi NCR,Gurugram,Internal Medicine,207,0.489,Drug_B,0.25,0.713125,0.489,0.5533,Growth
DOC00635,Telangana,Warangal,Diabetologist,352,0.622,Drug_B,0.562,0.9258333333333333,0.622,0.7619,Strategic
DOC00636,Tamil Nadu,Coimbatore,Endocrinologist,215,0.748,Drug_D,0.282,0.7339583333333334,0.748,0.6478,Growth
DOC00637,West Bengal,Siliguri,Internal Medicine,128,0.585,Drug_B,0.362,0.39458333333333334,0.585,0.4452,Developing
DOC00638,Karnataka,Mysuru,General Physician,56,0.474,Drug_B,0.232,0.04729166666666667,0.474,0.2122,Low Opportunity
DOC00639,Maharashtra,Nashik,General Physician,295,0.838,Drug_B,0.455,0.8797916666666666,0.838,0.7823,Strategic
DOC00640,Tamil Nadu,Coimbatore,Internal Medicine,50,0.469,Drug_D,0.375,0.015833333333333335,0.469,0.2236,Low Opportunity
DOC00641,Maharashtra,Pune,General Physician,183,0.635,Drug_C,0.436,0.644375,0.635,0.5999,Growth
DOC00642,Tamil Nadu,Madurai,General Physician,297,0.624,Drug_C,0.436,0.8808333333333334,0.624,0.7148,Growth
DOC00643,Delhi NCR,Gurugram,Diabetologist,105,0.165,Drug_C,0.322,0.2735416666666667,0.165,0.2507,Developing
DOC00644,Tamil Nadu,Coimbatore,Internal Medicine,272,0.746,Drug_B,0.585,0.8477083333333333,0.746,0.7647,Strategic
DOC00645,Tamil Nadu,Chennai,Internal Medicine,129,0.468,Drug_C,0.263,0.40020833333333333,0.468,0.3931,Developing
DOC00646,Gujarat,Surat,General Physician,124,0.522,Drug_B,0.334,0.3720833333333333,0.522,0.4094,Developing
DOC00647,Gujarat,Ahmedabad,Internal Medicine,96,0.715,Drug_C,0.439,0.214375,0.715,0.4095,Developing
DOC00648,Tamil Nadu,Chennai,Internal Medicine,131,0.458,Drug_C,0.361,0.410625,0.458,0.4149,Developing
DOC00649,Rajasthan,Jaipur,Endocrinologist,231,0.631,Drug_D,0.361,0.7739583333333333,0.631,0.6485,Growth
DOC00650,Gujarat,Surat,Internal Medicine,137,0.847,Drug_B,0.45,0.44208333333333333,0.847,0.5651,Growth
DOC00651,Gujarat,Vadodara,Diabetologist,337,0.749,Drug_B,0.567,0.9139583333333333,0.749,0.7951,Strategic
DOC00652,Gujarat,Ahmedabad,Internal Medicine,114,0.72,Drug_B,0.55,0.3154166666666667,0.72,0.4837,Developing
DOC00653,Karnataka,Mysuru,Endocrinologist,122,0.53,Drug_B,0.318,0.360625,0.53,0.4029,Developing
DOC00654,Rajasthan,Udaipur,Cardiologist,116,0.658,Drug_B,0.361,0.32666666666666666,0.658,0.4329,Developing
DOC00655,Karnataka,Bengaluru,Endocrinologist,273,0.892,Drug_C,0.565,0.8489583333333334,0.892,0.8051,Strategic
DOC00656,Gujarat,Ahmedabad,Internal Medicine,215,0.87,Drug_C,0.657,0.7339583333333334,0.87,0.7594,Strategic
DOC00657,Tamil Nadu,Coimbatore,General Physician,138,0.736,Drug_D,0.415,0.446875,0.736,0.5272,Growth
DOC00658,Gujarat,Vadodara,Internal Medicine,95,0.613,Drug_D,0.518,0.20833333333333334,0.613,0.3917,Developing
DOC00659,Telangana,Warangal,Internal Medicine,125,0.852,Drug_B,0.604,0.3779166666666667,0.852,0.5654,Growth
DOC00660,Delhi NCR,Gurugram,Internal Medicine,463,0.827,Drug_C,0.72,0.9758333333333333,0.827,0.88,Strategic
DOC00661,Tamil Nadu,Madurai,Endocrinologist,145,0.49,Drug_B,0.337,0.4875,0.49,0.4582,Developing
DOC00662,Gujarat,Vadodara,Endocrinologist,223,0.701,Drug_B,0.657,0.7552083333333334,0.701,0.7193,Growth
DOC00663,Tamil Nadu,Madurai,Diabetologist,342,0.565,Drug_B,0.529,0.9177083333333333,0.565,0.7342,Growth
DOC00664,Telangana,Warangal,Cardiologist,227,0.646,Drug_C,0.513,0.7658333333333334,0.646,0.6793,Growth
DOC00665,Maharashtra,Nagpur,Endocrinologist,159,0.725,Drug_C,0.48,0.5583333333333333,0.725,0.5927,Growth
DOC00666,West Bengal,Kolkata,General Physician,50,0.6,Drug_C,0.249,0.015833333333333335,0.6,0.2377,Low Opportunity
DOC00667,Maharashtra,Pune,Internal Medicine,111,0.521,Drug_D,0.364,0.3045833333333333,0.521,0.3814,Developing
DOC00668,Maharashtra,Mumbai,Endocrinologist,125,0.493,Drug_C,0.34,0.3779166666666667,0.493,0.4049,Developing
DOC00669,Maharashtra,Nagpur,Diabetologist,508,0.878,Drug_D,0.753,0.9858333333333333,0.878,0.9069,Strategic
DOC00670,Tamil Nadu,Chennai,Diabetologist,160,0.379,Drug_C,0.362,0.5645833333333333,0.379,0.4684,Developing
DOC00671,Rajasthan,Jaipur,Diabetologist,113,0.901,Drug_C,0.435,0.3120833333333333,0.901,0.5133,Growth
DOC00672,Karnataka,Bengaluru,Endocrinologist,138,0.284,Drug_D,0.221,0.446875,0.284,0.3528,Developing
DOC00673,Telangana,Hyderabad,Diabetologist,156,0.218,Drug_D,0.262,0.5439583333333333,0.218,0.3898,Developing
DOC00674,West Bengal,Siliguri,Diabetologist,151,0.512,Drug_B,0.57,0.5175,0.512,0.5264,Growth
DOC00675,Tamil Nadu,Coimbatore,General Physician,117,0.339,Drug_B,0.412,0.33145833333333335,0.339,0.3498,Developing
DOC00676,Karnataka,Hubballi,Internal Medicine,70,0.543,Drug_B,0.351,0.09270833333333334,0.543,0.2795,Developing
DOC00677,Rajasthan,Udaipur,Internal Medicine,99,0.546,Drug_B,0.321,0.23458333333333334,0.546,0.3453,Developing
DOC00678,Gujarat,Surat,Endocrinologist,287,0.637,Drug_C,0.687,0.8672916666666667,0.637,0.7621,Strategic
DOC00679,Karnataka,Hubballi,Internal Medicine,145,0.705,Drug_B,0.58,0.4875,0.705,0.5712,Growth
DOC00680,Maharashtra,Pune,Internal Medicine,330,0.859,Drug_B,0.646,0.9095833333333333,0.859,0.8417,Strategic
DOC00681,Telangana,Hyderabad,Internal Medicine,328,0.205,Drug_D,0.592,0.908125,0.205,0.634,Growth
DOC00682,Karnataka,Mysuru,Endocrinologist,75,0.675,Drug_B,0.282,0.1125,0.675,0.3152,Developing
DOC00683,Karnataka,Mysuru,Endocrinologist,151,0.754,Drug_B,0.497,0.5175,0.754,0.5844,Growth
DOC00684,Rajasthan,Udaipur,Cardiologist,99,0.459,Drug_B,0.317,0.23458333333333334,0.459,0.3184,Developing
DOC00685,Karnataka,Mysuru,Endocrinologist,119,0.686,Drug_D,0.352,0.34229166666666666,0.686,0.4473,Developing
DOC00686,Maharashtra,Pune,General Physician,289,0.825,Drug_D,0.691,0.8689583333333334,0.825,0.8202,Strategic
DOC00687,Gujarat,Surat,Endocrinologist,134,0.844,Drug_C,0.513,0.428125,0.844,0.5699,Growth
DOC00688,Maharashtra,Nagpur,Internal Medicine,72,0.952,Drug_C,0.457,0.100625,0.952,0.4273,Developing
DOC00689,Tamil Nadu,Madurai,Endocrinologist,256,0.597,Drug_B,0.36,0.8208333333333333,0.597,0.6615,Growth
DOC00690,Tamil Nadu,Chennai,General Physician,337,0.745,Drug_B,0.732,0.9139583333333333,0.745,0.8269,Strategic
DOC00691,West Bengal,Kolkata,Cardiologist,141,0.512,Drug_C,0.485,0.46375,0.512,0.4825,Developing
DOC00692,Tamil Nadu,Coimbatore,Internal Medicine,123,0.274,Drug_D,0.387,0.3672916666666667,0.274,0.3432,Developing
DOC00693,Tamil Nadu,Chennai,Internal Medicine,104,0.869,Drug_D,0.407,0.26625,0.869,0.4752,Developing
DOC00694,Maharashtra,Mumbai,Diabetologist,72,0.54,Drug_C,0.388,0.100625,0.54,0.2899,Developing
DOC00695,Maharashtra,Nagpur,Endocrinologist,186,0.567,Drug_B,0.534,0.653125,0.567,0.6035,Growth
DOC00696,Karnataka,Bengaluru,General Physician,139,0.707,Drug_D,0.451,0.45375,0.707,0.5292,Growth
DOC00697,Delhi NCR,Noida,General Physician,197,0.708,Drug_B,0.496,0.6902083333333333,0.708,0.6567,Growth
DOC00698,Gujarat,Surat,Diabetologist,122,0.898,Drug_D,0.362,0.360625,0.898,0.5221,Growth
DOC00699,Gujarat,Ahmedabad,Endocrinologist,132,0.445,Drug_B,0.331,0.41625,0.445,0.4078,Developing
DOC00700,Gujarat,Ahmedabad,Diabetologist,159,0.777,Drug_C,0.371,0.5583333333333333,0.777,0.5865,Growth
DOC00701,Maharashtra,Nagpur,Internal Medicine,178,0.502,Drug_B,0.561,0.6235416666666667,0.502,0.5746,Growth
DOC00702,Karnataka,Hubballi,Endocrinologist,122,0.318,Drug_B,0.377,0.360625,0.318,0.3511,Developing
DOC00703,Maharashtra,Mumbai,Internal Medicine,116,0.547,Drug_B,0.307,0.32666666666666666,0.547,0.3888,Developing
DOC00704,West Bengal,Kolkata,Cardiologist,82,0.836,Drug_C,0.41,0.14583333333333334,0.836,0.4057,Developing
DOC00705,Maharashtra,Nashik,Internal Medicine,222,0.772,Drug_B,0.582,0.750625,0.772,0.7233,Growth
DOC00706,Tamil Nadu,Madurai,Endocrinologist,125,0.506,Drug_C,0.251,0.3779166666666667,0.506,0.391,Developing
DOC00707,Rajasthan,Udaipur,Diabetologist,212,0.64,Drug_B,0.379,0.7258333333333333,0.64,0.6307,Growth
DOC00708,Tamil Nadu,Coimbatore,Internal Medicine,245,0.783,Drug_C,0.635,0.8035416666666667,0.783,0.7637,Strategic
DOC00709,Karnataka,Bengaluru,Internal Medicine,126,0.683,Drug_C,0.459,0.38458333333333333,0.683,0.489,Developing
DOC00710,Rajasthan,Jodhpur,Endocrinologist,244,0.631,Drug_B,0.511,0.8014583333333334,0.631,0.6922,Growth
DOC00711,Delhi NCR,Noida,Diabetologist,319,0.26,Drug_B,0.515,0.8995833333333333,0.26,0.6308,Growth
DOC00712,Tamil Nadu,Chennai,Internal Medicine,208,0.736,Drug_D,0.537,0.7154166666666667,0.736,0.6859,Growth
DOC00713,Telangana,Warangal,Endocrinologist,129,0.694,Drug_D,0.43,0.40020833333333333,0.694,0.4943,Developing
DOC00714,Karnataka,Hubballi,Diabetologist,119,0.639,Drug_C,0.389,0.34229166666666666,0.639,0.4406,Developing
DOC00715,Delhi NCR,Delhi,Diabetologist,131,0.565,Drug_B,0.352,0.410625,0.565,0.4452,Developing
DOC00716,Karnataka,Mysuru,Endocrinologist,116,0.784,Drug_C,0.569,0.32666666666666666,0.784,0.5123,Growth
DOC00717,Delhi NCR,Gurugram,Endocrinologist,147,0.61,Drug_C,0.33,0.495625,0.61,0.4968,Developing
DOC00718,West Bengal,Siliguri,Internal Medicine,306,0.831,Drug_C,0.608,0.89,0.831,0.8159,Strategic
DOC00719,West Bengal,Kolkata,Diabetologist,136,0.892,Drug_B,0.383,0.43875,0.892,0.5636,Growth
DOC00720,West Bengal,Siliguri,General Physician,152,0.483,Drug_B,0.442,0.5220833333333333,0.483,0.4943,Developing
DOC00721,Rajasthan,Udaipur,General Physician,153,0.617,Drug_D,0.48,0.5264583333333334,0.617,0.5443,Growth
DOC00722,Karnataka,Mysuru,Internal Medicine,115,0.747,Drug_B,0.537,0.3202083333333333,0.747,0.4916,Developing
DOC00723,Telangana,Warangal,Diabetologist,69,0.623,Drug_B,0.253,0.08875,0.623,0.2819,Developing
DOC00724,Karnataka,Hubballi,General Physician,95,0.444,Drug_D,0.353,0.20833333333333334,0.444,0.308,Developing
DOC00725,Gujarat,Ahmedabad,Cardiologist,139,0.778,Drug_D,0.501,0.45375,0.778,0.5605,Growth
DOC00726,West Bengal,Kolkata,Internal Medicine,149,0.884,Drug_B,0.468,0.5058333333333334,0.884,0.6117,Growth
DOC00727,West Bengal,Kolkata,Internal Medicine,169,0.789,Drug_D,0.377,0.5925,0.789,0.6084,Growth
DOC00728,Delhi NCR,Noida,Internal Medicine,126,0.424,Drug_D,0.373,0.38458333333333333,0.424,0.3941,Developing
DOC00729,Telangana,Hyderabad,Internal Medicine,135,0.538,Drug_D,0.314,0.43395833333333333,0.538,0.4412,Developing
DOC00730,Telangana,Warangal,Endocrinologist,157,0.675,Drug_B,0.355,0.549375,0.675,0.5482,Growth
DOC00731,Delhi NCR,Gurugram,General Physician,294,0.635,Drug_B,0.571,0.8779166666666667,0.635,0.7437,Growth
DOC00732,Gujarat,Vadodara,General Physician,104,0.636,Drug_C,0.402,0.26625,0.636,0.4043,Developing
DOC00733,Delhi NCR,Noida,Diabetologist,161,0.655,Drug_B,0.54,0.5672916666666666,0.655,0.5881,Growth
DOC00734,Tamil Nadu,Chennai,Cardiologist,163,0.101,Drug_C,0.064,0.5720833333333334,0.101,0.3291,Developing
DOC00735,Karnataka,Hubballi,Internal Medicine,251,0.832,Drug_D,0.411,0.81375,0.832,0.7387,Growth
DOC00736,Tamil Nadu,Madurai,Internal Medicine,127,0.922,Drug_B,0.438,0.38979166666666665,0.922,0.5591,Growth
DOC00737,Maharashtra,Mumbai,Internal Medicine,99,0.426,Drug_B,0.239,0.23458333333333334,0.426,0.2929,Developing
DOC00738,Maharashtra,Pune,Internal Medicine,251,0.628,Drug_C,0.297,0.81375,0.628,0.6547,Growth
DOC00739,Tamil Nadu,Chennai,General Physician,111,0.723,Drug_D,0.394,0.3045833333333333,0.723,0.448,Developing
DOC00740,Delhi NCR,Gurugram,Diabetologist,348,0.259,Drug_B,0.477,0.9225,0.259,0.6344,Growth
DOC00741,Tamil Nadu,Coimbatore,Internal Medicine,107,0.319,Drug_C,0.353,0.2839583333333333,0.319,0.3083,Developing
DOC00742,Maharashtra,Mumbai,Internal Medicine,159,0.675,Drug_C,0.408,0.5583333333333333,0.675,0.5633,Growth
DOC00743,Tamil Nadu,Chennai,General Physician,95,0.841,Drug_D,0.537,0.20833333333333334,0.841,0.4639,Developing
DOC00744,Maharashtra,Pune,Diabetologist,211,0.529,Drug_C,0.449,0.7235416666666666,0.529,0.6103,Growth
DOC00745,Telangana,Hyderabad,Cardiologist,248,0.523,Drug_C,0.401,0.8079166666666666,0.523,0.6411,Growth
DOC00746,Karnataka,Mysuru,General Physician,87,0.809,Drug_B,0.421,0.16770833333333332,0.809,0.4108,Developing
DOC00747,Rajasthan,Udaipur,General Physician,170,0.353,Drug_B,0.361,0.5970833333333333,0.353,0.4766,Developing
DOC00748,Telangana,Warangal,Diabetologist,147,0.407,Drug_B,0.315,0.495625,0.407,0.4329,Developing
DOC00749,Karnataka,Hubballi,General Physician,315,0.736,Drug_C,0.586,0.895625,0.736,0.7858,Strategic
DOC00750,Tamil Nadu,Madurai,Diabetologist,133,0.902,Drug_C,0.559,0.421875,0.902,0.5933,Growth
DOC00751,Karnataka,Mysuru,Diabetologist,118,0.503,Drug_C,0.407,0.335625,0.503,0.4001,Developing
DOC00752,Telangana,Warangal,Internal Medicine,316,0.598,Drug_B,0.508,0.8966666666666666,0.598,0.7293,Growth
DOC00753,Maharashtra,Mumbai,Internal Medicine,168,0.615,Drug_C,0.524,0.5883333333333334,0.615,0.5835,Growth
DOC00754,Karnataka,Bengaluru,General Physician,246,0.675,Drug_B,0.518,0.8052083333333333,0.675,0.7087,Growth
DOC00755,Delhi NCR,Delhi,Internal Medicine,132,0.669,Drug_B,0.413,0.41625,0.669,0.4914,Developing
DOC00756,Maharashtra,Nagpur,Internal Medicine,64,0.604,Drug_B,0.315,0.07208333333333333,0.604,0.2802,Developing
DOC00757,Gujarat,Vadodara,Endocrinologist,250,0.618,Drug_C,0.487,0.810625,0.618,0.6881,Growth
DOC00758,Maharashtra,Nagpur,Endocrinologist,156,0.782,Drug_B,0.425,0.5439583333333333,0.782,0.5916,Growth
DOC00759,Tamil Nadu,Madurai,Internal Medicine,99,0.25,Drug_B,0.187,0.23458333333333334,0.25,0.2297,Low Opportunity
DOC00760,Maharashtra,Nashik,Internal Medicine,50,0.608,Drug_D,0.255,0.015833333333333335,0.608,0.2413,Low Opportunity
DOC00761,Tamil Nadu,Madurai,General Physician,87,0.631,Drug_B,0.422,0.16770833333333332,0.631,0.3576,Developing
DOC00762,Karnataka,Mysuru,Internal Medicine,50,0.713,Drug_B,0.264,0.015833333333333335,0.713,0.2746,Developing
DOC00763,Tamil Nadu,Madurai,Diabetologist,303,0.644,Drug_B,0.595,0.8879166666666667,0.644,0.7562,Strategic
DOC00764,Rajasthan,Jaipur,Internal Medicine,51,0.738,Drug_B,0.372,0.03270833333333333,0.738,0.3122,Developing
DOC00765,Maharashtra,Pune,Endocrinologist,143,0.792,Drug_C,0.374,0.474375,0.792,0.5496,Growth
DOC00766,Maharashtra,Nashik,Endocrinologist,143,0.695,Drug_D,0.349,0.474375,0.695,0.5155,Growth
DOC00767,Rajasthan,Udaipur,Internal Medicine,123,0.855,Drug_B,0.556,0.3672916666666667,0.855,0.5513,Growth
DOC00768,Rajasthan,Jodhpur,Internal Medicine,90,0.698,Drug_B,0.286,0.184375,0.698,0.3588,Developing
DOC00769,Karnataka,Mysuru,Internal Medicine,184,0.548,Drug_C,0.492,0.648125,0.548,0.5869,Growth
DOC00770,West Bengal,Siliguri,Internal Medicine,212,0.238,Drug_B,0.391,0.7258333333333333,0.238,0.5125,Growth
DOC00771,Telangana,Hyderabad,Internal Medicine,214,0.669,Drug_C,0.511,0.7302083333333333,0.669,0.668,Growth
DOC00772,Telangana,Hyderabad,Cardiologist,77,0.338,Drug_B,0.105,0.12208333333333334,0.338,0.1834,Low Opportunity
DOC00773,Gujarat,Ahmedabad,Endocrinologist,256,0.906,Drug_D,0.681,0.8208333333333333,0.906,0.8184,Strategic
DOC00774,Telangana,Hyderabad,Cardiologist,119,0.492,Drug_C,0.28,0.34229166666666666,0.492,0.3747,Developing
DOC00775,Tamil Nadu,Chennai,Diabetologist,75,0.754,Drug_D,0.484,0.1125,0.754,0.3792,Developing
DOC00776,Maharashtra,Nagpur,Endocrinologist,108,0.691,Drug_B,0.47,0.2891666666666667,0.691,0.4459,Developing
DOC00777,Rajasthan,Jaipur,Endocrinologist,342,0.546,Drug_B,0.61,0.9177083333333333,0.546,0.7447,Growth
DOC00778,Maharashtra,Pune,General Physician,119,0.671,Drug_B,0.396,0.34229166666666666,0.671,0.4516,Developing
DOC00779,Rajasthan,Udaipur,General Physician,269,0.403,Drug_B,0.376,0.8427083333333333,0.403,0.6175,Growth
DOC00780,Telangana,Hyderabad,Internal Medicine,128,0.797,Drug_B,0.461,0.39458333333333334,0.797,0.5286,Growth
DOC00781,Rajasthan,Jaipur,Endocrinologist,274,0.55,Drug_B,0.444,0.8502083333333333,0.55,0.6789,Growth
DOC00782,Telangana,Warangal,Diabetologist,110,0.469,Drug_B,0.312,0.2997916666666667,0.469,0.353,Developing
DOC00783,Rajasthan,Jaipur,General Physician,141,0.652,Drug_B,0.474,0.46375,0.652,0.5223,Growth
DOC00784,Karnataka,Hubballi,Diabetologist,299,0.367,Drug_D,0.348,0.881875,0.367,0.6206,Growth
DOC00785,Delhi NCR,Delhi,Internal Medicine,133,0.641,Drug_B,0.467,0.421875,0.641,0.4966,Developing
DOC00786,Karnataka,Mysuru,Diabetologist,154,0.567,Drug_B,0.553,0.531875,0.567,0.5466,Growth
DOC00787,Telangana,Hyderabad,Internal Medicine,82,0.793,Drug_B,0.408,0.14583333333333334,0.793,0.3924,Developing
DOC00788,Telangana,Warangal,Internal Medicine,121,0.266,Drug_D,0.273,0.35375,0.266,0.3113,Developing
DOC00789,West Bengal,Kolkata,Cardiologist,170,0.702,Drug_B,0.477,0.5970833333333333,0.702,0.6045,Growth
DOC00790,Rajasthan,Jaipur,Diabetologist,95,0.514,Drug_C,0.256,0.20833333333333334,0.514,0.3096,Developing
DOC00791,Gujarat,Ahmedabad,Internal Medicine,279,0.579,Drug_B,0.478,0.8577083333333333,0.579,0.6982,Growth
DOC00792,Gujarat,Vadodara,General Physician,249,0.708,Drug_B,0.569,0.8091666666666667,0.708,0.7308,Growth
DOC00793,Tamil Nadu,Chennai,Diabetologist,138,0.17,Drug_C,0.363,0.446875,0.17,0.347,Developing
DOC00794,Gujarat,Ahmedabad,Endocrinologist,181,0.05,Drug_B,0.378,0.6352083333333334,0.05,0.4082,Developing
DOC00795,Gujarat,Ahmedabad,Diabetologist,158,0.281,Drug_D,0.27,0.5525,0.281,0.4146,Developing
DOC00796,Gujarat,Ahmedabad,Endocrinologist,177,0.739,Drug_B,0.607,0.6204166666666666,0.739,0.6533,Growth
DOC00797,Gujarat,Vadodara,Endocrinologist,481,0.259,Drug_C,0.541,0.9804166666666667,0.259,0.6761,Growth
DOC00798,Gujarat,Surat,Internal Medicine,76,0.41,Drug_B,0.281,0.1175,0.41,0.2379,Low Opportunity
DOC00799,Gujarat,Vadodara,General Physician,215,0.89,Drug_C,0.502,0.7339583333333334,0.89,0.7344,Growth
DOC00800,Maharashtra,Mumbai,Diabetologist,294,0.373,Drug_B,0.535,0.8779166666666667,0.373,0.6579,Growth
DOC00801,Tamil Nadu,Coimbatore,Cardiologist,139,0.834,Drug_C,0.513,0.45375,0.834,0.5797,Growth
DOC00802,West Bengal,Kolkata,Diabetologist,224,0.744,Drug_D,0.393,0.7583333333333333,0.744,0.681,Growth
DOC00803,Telangana,Hyderabad,General Physician,101,0.758,Drug_B,0.472,0.24833333333333332,0.758,0.446,Developing
DOC00804,West Bengal,Siliguri,Endocrinologist,190,0.634,Drug_B,0.358,0.6679166666666667,0.634,0.5958,Growth
DOC00805,Delhi NCR,Delhi,Endocrinologist,189,0.726,Drug_B,0.511,0.6635416666666667,0.726,0.6518,Growth
DOC00806,West Bengal,Siliguri,Internal Medicine,56,0.726,Drug_B,0.433,0.04729166666666667,0.726,0.328,Developing
DOC00807,Rajasthan,Jodhpur,General Physician,79,0.52,Drug_B,0.335,0.12958333333333333,0.52,0.2878,Developing
DOC00808,Tamil Nadu,Chennai,General Physician,101,0.311,Drug_B,0.342,0.24833333333333332,0.311,0.2859,Developing
DOC00809,Karnataka,Mysuru,Cardiologist,390,0.396,Drug_B,0.606,0.9472916666666666,0.396,0.7136,Growth
DOC00810,Maharashtra,Pune,Internal Medicine,104,0.818,Drug_B,0.301,0.26625,0.818,0.4387,Developing
DOC00811,West Bengal,Siliguri,General Physician,122,0.622,Drug_C,0.391,0.360625,0.622,0.4451,Developing
DOC00812,Karnataka,Hubballi,Endocrinologist,73,0.847,Drug_B,0.32,0.105625,0.847,0.3709,Developing
DOC00813,Tamil Nadu,Coimbatore,Diabetologist,244,0.817,Drug_B,0.586,0.8014583333333334,0.817,0.763,Strategic
DOC00814,Rajasthan,Jodhpur,Internal Medicine,154,0.672,Drug_B,0.457,0.531875,0.672,0.5589,Growth
DOC00815,Karnataka,Bengaluru,Internal Medicine,333,0.597,Drug_D,0.475,0.9116666666666666,0.597,0.7299,Growth
DOC00816,Maharashtra,Pune,Endocrinologist,102,0.375,Drug_C,0.371,0.25416666666666665,0.375,0.3138,Developing
DOC00817,Rajasthan,Udaipur,Internal Medicine,63,0.628,Drug_C,0.464,0.06916666666666667,0.628,0.3158,Developing
DOC00818,Delhi NCR,Gurugram,General Physician,214,0.297,Drug_B,0.371,0.7302083333333333,0.297,0.5284,Growth
DOC00819,West Bengal,Kolkata,Endocrinologist,185,0.733,Drug_B,0.549,0.6504166666666666,0.733,0.6549,Growth
DOC00820,Telangana,Hyderabad,Diabetologist,103,0.432,Drug_B,0.389,0.25958333333333333,0.432,0.3372,Developing
DOC00821,Tamil Nadu,Coimbatore,Endocrinologist,111,0.666,Drug_C,0.294,0.3045833333333333,0.666,0.4109,Developing
DOC00822,Rajasthan,Jaipur,General Physician,209,0.796,Drug_C,0.452,0.718125,0.796,0.6883,Growth
DOC00823,Maharashtra,Nashik,Endocrinologist,50,0.944,Drug_C,0.47,0.015833333333333335,0.944,0.3851,Developing
DOC00824,Tamil Nadu,Coimbatore,Endocrinologist,96,0.398,Drug_D,0.428,0.214375,0.398,0.3122,Developing
DOC00825,Karnataka,Bengaluru,Endocrinologist,63,0.785,Drug_C,0.251,0.06916666666666667,0.785,0.3203,Developing
DOC00826,Tamil Nadu,Chennai,Internal Medicine,173,0.431,Drug_C,0.295,0.6095833333333334,0.431,0.4931,Developing
DOC00827,Karnataka,Hubballi,Diabetologist,50,0.792,Drug_D,0.458,0.015833333333333335,0.792,0.3371,Developing
DOC00828,Telangana,Warangal,General Physician,147,0.47,Drug_C,0.347,0.495625,0.47,0.4582,Developing
DOC00829,Karnataka,Bengaluru,Endocrinologist,246,0.285,Drug_B,0.41,0.8052083333333333,0.285,0.5701,Growth
DOC00830,Delhi NCR,Gurugram,Internal Medicine,132,0.413,Drug_B,0.33,0.41625,0.413,0.398,Developing
DOC00831,Tamil Nadu,Madurai,Internal Medicine,193,0.465,Drug_C,0.382,0.6783333333333333,0.465,0.5551,Growth
DOC00832,Karnataka,Mysuru,General Physician,160,0.576,Drug_B,0.503,0.5645833333333333,0.576,0.5557,Growth
DOC00833,Tamil Nadu,Madurai,Internal Medicine,96,0.524,Drug_C,0.44,0.214375,0.524,0.3524,Developing
DOC00834,Maharashtra,Nagpur,Diabetologist,120,0.657,Drug_B,0.42,0.3485416666666667,0.657,0.4554,Developing
DOC00835,Maharashtra,Mumbai,Diabetologist,166,0.444,Drug_B,0.305,0.57875,0.444,0.4836,Developing
DOC00836,Gujarat,Surat,Diabetologist,86,0.73,Drug_D,0.513,0.163125,0.73,0.4032,Developing
DOC00837,Maharashtra,Mumbai,Diabetologist,266,0.443,Drug_B,0.533,0.8385416666666666,0.443,0.6588,Growth
DOC00838,Rajasthan,Udaipur,Endocrinologist,183,0.803,Drug_B,0.546,0.644375,0.803,0.6723,Growth
DOC00839,Rajasthan,Udaipur,Endocrinologist,202,0.619,Drug_B,0.336,0.705,0.619,0.6054,Growth
DOC00840,West Bengal,Kolkata,General Physician,73,0.602,Drug_D,0.366,0.105625,0.602,0.3066,Developing
DOC00841,Gujarat,Ahmedabad,Endocrinologist,102,0.1,Drug_B,0.224,0.25416666666666665,0.1,0.2019,Low Opportunity
DOC00842,Tamil Nadu,Chennai,Diabetologist,447,0.775,Drug_B,0.586,0.9708333333333333,0.775,0.8351,Strategic
DOC00843,Telangana,Hyderabad,General Physician,66,0.822,Drug_C,0.359,0.07833333333333334,0.822,0.3576,Developing
DOC00844,West Bengal,Kolkata,Internal Medicine,50,0.543,Drug_B,0.325,0.015833333333333335,0.543,0.2358,Low Opportunity
DOC00845,Gujarat,Ahmedabad,Internal Medicine,144,0.785,Drug_B,0.485,0.4814583333333333,0.785,0.5732,Growth
DOC00846,Tamil Nadu,Chennai,Endocrinologist,108,0.462,Drug_C,0.282,0.2891666666666667,0.462,0.3396,Developing
DOC00847,West Bengal,Siliguri,General Physician,97,0.521,Drug_B,0.378,0.22145833333333334,0.521,0.3426,Developing
DOC00848,Gujarat,Surat,Diabetologist,313,0.294,Drug_B,0.555,0.8939583333333333,0.294,0.6462,Growth
DOC00849,Rajasthan,Jaipur,Endocrinologist,76,0.46,Drug_B,0.241,0.1175,0.46,0.245,Low Opportunity
DOC00850,West Bengal,Siliguri,General Physician,85,0.714,Drug_C,0.53,0.15833333333333333,0.714,0.3994,Developing
DOC00851,Tamil Nadu,Chennai,Diabetologist,76,0.492,Drug_C,0.154,0.1175,0.492,0.2371,Low Opportunity
DOC00852,Delhi NCR,Gurugram,Internal Medicine,154,0.618,Drug_B,0.44,0.531875,0.618,0.5393,Growth
DOC00853,Tamil Nadu,Madurai,General Physician,109,0.808,Drug_D,0.412,0.2939583333333333,0.808,0.4718,Developing
DOC00854,Gujarat,Ahmedabad,General Physician,112,0.518,Drug_C,0.087,0.30875,0.518,0.3272,Developing
DOC00855,West Bengal,Siliguri,General Physician,304,0.795,Drug_B,0.497,0.8889583333333333,0.795,0.7824,Strategic
DOC00856,Gujarat,Vadodara,Endocrinologist,163,0.634,Drug_B,0.456,0.5720833333333334,0.634,0.5674,Growth
DOC00857,Tamil Nadu,Chennai,Internal Medicine,240,0.965,Drug_B,0.573,0.7922916666666666,0.965,0.8002,Strategic
DOC00858,Tamil Nadu,Madurai,Internal Medicine,128,0.595,Drug_B,0.412,0.39458333333333334,0.595,0.4582,Developing
DOC00859,West Bengal,Kolkata,Endocrinologist,216,0.523,Drug_C,0.245,0.7370833333333333,0.523,0.5744,Growth
DOC00860,West Bengal,Siliguri,Endocrinologist,118,0.606,Drug_D,0.386,0.335625,0.606,0.4268,Developing
DOC00861,Maharashtra,Mumbai,Endocrinologist,124,0.351,Drug_C,0.335,0.3720833333333333,0.351,0.3583,Developing
DOC00862,Karnataka,Mysuru,Diabetologist,72,0.42,Drug_B,0.3,0.100625,0.42,0.2363,Low Opportunity
DOC00863,West Bengal,Siliguri,Cardiologist,281,0.827,Drug_B,0.582,0.8591666666666666,0.827,0.7941,Strategic
DOC00864,Tamil Nadu,Coimbatore,Internal Medicine,114,0.675,Drug_C,0.364,0.3154166666666667,0.675,0.433,Developing
DOC00865,Telangana,Hyderabad,Diabetologist,292,0.302,Drug_B,0.642,0.873125,0.302,0.6556,Growth
DOC00866,Karnataka,Bengaluru,Endocrinologist,251,0.808,Drug_B,0.606,0.81375,0.808,0.7705,Strategic
DOC00867,Maharashtra,Mumbai,Endocrinologist,136,0.439,Drug_B,0.413,0.43875,0.439,0.4337,Developing
DOC00868,Karnataka,Bengaluru,Internal Medicine,64,0.876,Drug_C,0.418,0.07208333333333333,0.876,0.3824,Developing
DOC00869,Tamil Nadu,Coimbatore,Diabetologist,438,0.6,Drug_B,0.623,0.9691666666666666,0.6,0.7892,Strategic
DOC00870,Delhi NCR,Delhi,General Physician,152,0.536,Drug_B,0.416,0.5220833333333333,0.536,0.505,Growth
DOC00871,Telangana,Hyderabad,Internal Medicine,251,0.886,Drug_B,0.48,0.81375,0.886,0.7687,Strategic
DOC00872,Maharashtra,Nagpur,Diabetologist,143,0.987,Drug_D,0.642,0.474375,0.987,0.6617,Growth
DOC00873,Delhi NCR,Delhi,Internal Medicine,62,0.735,Drug_C,0.48,0.06625,0.735,0.3496,Developing
DOC00874,Tamil Nadu,Madurai,Internal Medicine,122,0.742,Drug_D,0.566,0.360625,0.742,0.5161,Growth
DOC00875,Tamil Nadu,Chennai,General Physician,193,0.455,Drug_C,0.382,0.6783333333333333,0.455,0.5521,Growth
DOC00876,West Bengal,Kolkata,General Physician,134,0.284,Drug_D,0.389,0.428125,0.284,0.3771,Developing
DOC00877,Karnataka,Mysuru,Internal Medicine,55,0.722,Drug_C,0.282,0.04479166666666667,0.722,0.2954,Developing
DOC00878,Maharashtra,Nashik,Diabetologist,118,0.823,Drug_D,0.514,0.335625,0.823,0.5175,Growth
DOC00879,West Bengal,Kolkata,Internal Medicine,50,0.468,Drug_C,0.265,0.015833333333333335,0.468,0.2013,Low Opportunity
DOC00880,Karnataka,Hubballi,Internal Medicine,78,0.89,Drug_B,0.404,0.12520833333333334,0.89,0.4104,Developing
DOC00881,Telangana,Hyderabad,Endocrinologist,320,0.802,Drug_B,0.456,0.9008333333333334,0.802,0.7822,Strategic
DOC00882,Karnataka,Hubballi,Endocrinologist,84,0.733,Drug_C,0.395,0.154375,0.733,0.3761,Developing
DOC00883,Karnataka,Bengaluru,Internal Medicine,398,0.32,Drug_C,0.606,0.950625,0.32,0.6925,Growth
DOC00884,Telangana,Hyderabad,General Physician,204,0.573,Drug_D,0.625,0.708125,0.573,0.651,Growth
DOC00885,Delhi NCR,Noida,Internal Medicine,362,0.94,Drug_C,0.737,0.933125,0.94,0.896,Strategic
DOC00886,West Bengal,Kolkata,Diabetologist,196,0.656,Drug_C,0.383,0.6879166666666666,0.656,0.6174,Growth
DOC00887,Telangana,Hyderabad,Internal Medicine,176,0.414,Drug_B,0.339,0.6179166666666667,0.414,0.501,Growth
DOC00888,Rajasthan,Udaipur,Diabetologist,85,0.387,Drug_B,0.423,0.15833333333333333,0.387,0.2799,Developing
DOC00889,Gujarat,Surat,Internal Medicine,275,0.548,Drug_B,0.474,0.8520833333333333,0.548,0.6852,Growth
DOC00890,Gujarat,Surat,General Physician,250,0.296,Drug_B,0.375,0.810625,0.296,0.5691,Growth
DOC00891,Karnataka,Bengaluru,Internal Medicine,132,0.902,Drug_C,0.454,0.41625,0.902,0.5695,Growth
DOC00892,Maharashtra,Mumbai,Internal Medicine,79,0.672,Drug_C,0.513,0.12958333333333333,0.672,0.369,Developing
DOC00893,Telangana,Hyderabad,Internal Medicine,106,0.96,Drug_C,0.577,0.2783333333333333,0.96,0.5426,Growth
DOC00894,Karnataka,Mysuru,Internal Medicine,85,0.966,Drug_D,0.46,0.15833333333333333,0.966,0.461,Developing
DOC00895,Gujarat,Ahmedabad,General Physician,327,0.825,Drug_C,0.713,0.9072916666666667,0.825,0.8437,Strategic
DOC00896,Rajasthan,Jaipur,General Physician,104,0.061,Drug_B,0.301,0.26625,0.061,0.2116,Low Opportunity
DOC00897,Rajasthan,Jaipur,General Physician,154,0.439,Drug_B,0.418,0.531875,0.439,0.4812,Developing
DOC00898,Gujarat,Vadodara,Internal Medicine,198,0.378,Drug_B,0.595,0.6916666666666667,0.378,0.5782,Growth
DOC00899,Tamil Nadu,Coimbatore,Diabetologist,391,0.578,Drug_D,0.706,0.948125,0.578,0.7887,Strategic
DOC00900,Karnataka,Mysuru,Internal Medicine,156,0.175,Drug_C,0.215,0.5439583333333333,0.175,0.3675,Developing
DOC00901,Maharashtra,Mumbai,Internal Medicine,190,0.691,Drug_D,0.546,0.6679166666666667,0.691,0.6505,Growth
DOC00902,Tamil Nadu,Madurai,Endocrinologist,264,0.355,Drug_D,0.377,0.8354166666666667,0.355,0.5996,Growth
DOC00903,Karnataka,Bengaluru,Endocrinologist,265,0.744,Drug_D,0.493,0.8370833333333333,0.744,0.7403,Growth
DOC00904,Maharashtra,Pune,Endocrinologist,127,0.766,Drug_D,0.307,0.38979166666666665,0.766,0.4861,Developing
DOC00905,Karnataka,Hubballi,Endocrinologist,268,0.602,Drug_B,0.479,0.8410416666666667,0.602,0.6969,Growth
DOC00906,Karnataka,Mysuru,Internal Medicine,190,0.665,Drug_B,0.359,0.6679166666666667,0.665,0.6053,Growth
DOC00907,Karnataka,Mysuru,Internal Medicine,234,0.525,Drug_C,0.213,0.7802083333333333,0.525,0.5902,Growth
DOC00908,Gujarat,Ahmedabad,Internal Medicine,184,0.195,Drug_B,0.301,0.648125,0.195,0.4428,Developing
DOC00909,Maharashtra,Nagpur,Diabetologist,156,0.37,Drug_B,0.336,0.5439583333333333,0.37,0.4502,Developing
DOC00910,Delhi NCR,Noida,Diabetologist,53,0.933,Drug_C,0.473,0.038125,0.933,0.3936,Developing
DOC00911,Karnataka,Bengaluru,Internal Medicine,170,0.819,Drug_D,0.507,0.5970833333333333,0.819,0.6456,Growth
DOC00912,Rajasthan,Udaipur,Endocrinologist,105,0.803,Drug_B,0.364,0.2735416666666667,0.803,0.4505,Developing
DOC00913,Gujarat,Vadodara,Cardiologist,82,0.691,Drug_B,0.383,0.14583333333333334,0.691,0.3568,Developing
DOC00914,West Bengal,Kolkata,Internal Medicine,258,0.183,Drug_D,0.331,0.8245833333333333,0.183,0.5334,Growth
DOC00915,Tamil Nadu,Coimbatore,Internal Medicine,240,0.793,Drug_C,0.517,0.7922916666666666,0.793,0.7374,Growth
DOC00916,Gujarat,Surat,Diabetologist,488,0.644,Drug_D,0.664,0.98125,0.644,0.8166,Strategic
DOC00917,Maharashtra,Pune,Diabetologist,50,0.679,Drug_D,0.247,0.015833333333333335,0.679,0.261,Developing
DOC00918,Karnataka,Mysuru,Internal Medicine,301,0.71,Drug_C,0.495,0.885,0.71,0.7545,Strategic
DOC00919,Tamil Nadu,Chennai,General Physician,94,0.343,Drug_B,0.134,0.203125,0.343,0.2313,Low Opportunity
DOC00920,Rajasthan,Jodhpur,Diabetologist,232,0.679,Drug_B,0.355,0.7758333333333334,0.679,0.6626,Growth
DOC00921,Rajasthan,Udaipur,Endocrinologist,130,0.19,Drug_C,0.352,0.40541666666666665,0.19,0.3301,Developing
DOC00922,Karnataka,Hubballi,Internal Medicine,74,0.504,Drug_B,0.222,0.10916666666666666,0.504,0.2502,Developing
DOC00923,Rajasthan,Udaipur,Cardiologist,143,0.435,Drug_D,0.408,0.474375,0.435,0.4493,Developing
DOC00924,Gujarat,Surat,Cardiologist,134,0.487,Drug_B,0.421,0.428125,0.487,0.4444,Developing
DOC00925,Karnataka,Mysuru,Internal Medicine,144,0.44,Drug_B,0.241,0.4814583333333333,0.44,0.4209,Developing
DOC00926,Maharashtra,Nagpur,Internal Medicine,179,0.783,Drug_D,0.413,0.6277083333333333,0.783,0.6314,Growth
DOC00927,Karnataka,Hubballi,Cardiologist,151,0.674,Drug_C,0.375,0.5175,0.674,0.5359,Growth
DOC00928,West Bengal,Kolkata,Diabetologist,222,0.743,Drug_B,0.577,0.750625,0.743,0.7136,Growth
DOC00929,Karnataka,Bengaluru,Endocrinologist,489,0.748,Drug_B,0.684,0.9816666666666667,0.748,0.852,Strategic
DOC00930,Telangana,Warangal,Internal Medicine,114,0.711,Drug_B,0.443,0.3154166666666667,0.711,0.4596,Developing
DOC00931,Gujarat,Ahmedabad,Internal Medicine,103,0.696,Drug_C,0.358,0.25958333333333333,0.696,0.4102,Developing
DOC00932,Karnataka,Mysuru,General Physician,120,0.714,Drug_C,0.456,0.3485416666666667,0.714,0.4797,Developing
DOC00933,Tamil Nadu,Coimbatore,Internal Medicine,755,0.837,Drug_D,0.909,0.9983333333333333,0.837,0.9321,Strategic
DOC00934,West Bengal,Kolkata,Diabetologist,133,0.424,Drug_D,0.348,0.421875,0.424,0.4077,Developing
DOC00935,Delhi NCR,Delhi,Diabetologist,239,0.668,Drug_C,0.529,0.7902083333333333,0.668,0.7013,Growth
DOC00936,Karnataka,Mysuru,Cardiologist,143,0.857,Drug_C,0.489,0.474375,0.857,0.5921,Growth
DOC00937,Karnataka,Bengaluru,Internal Medicine,146,0.586,Drug_D,0.269,0.49166666666666664,0.586,0.4754,Developing
DOC00938,West Bengal,Kolkata,General Physician,342,0.277,Drug_D,0.656,0.9177083333333333,0.277,0.6732,Growth
DOC00939,Gujarat,Ahmedabad,Endocrinologist,219,0.732,Drug_B,0.415,0.7422916666666667,0.732,0.6737,Growth
DOC00940,Delhi NCR,Gurugram,Internal Medicine,147,0.605,Drug_B,0.341,0.495625,0.605,0.4975,Developing
DOC00941,Gujarat,Surat,Cardiologist,119,0.751,Drug_B,0.331,0.34229166666666666,0.751,0.4626,Developing
DOC00942,Rajasthan,Jaipur,Cardiologist,169,0.648,Drug_C,0.424,0.5925,0.648,0.5754,Growth
DOC00943,Maharashtra,Mumbai,General Physician,214,0.618,Drug_B,0.497,0.7302083333333333,0.618,0.6499,Growth
DOC00944,Maharashtra,Nagpur,General Physician,67,0.942,Drug_C,0.491,0.081875,0.942,0.4217,Developing
DOC00945,Tamil Nadu,Coimbatore,Internal Medicine,102,0.65,Drug_D,0.373,0.25416666666666665,0.65,0.3967,Developing
DOC00946,Karnataka,Mysuru,Endocrinologist,159,0.741,Drug_B,0.369,0.5583333333333333,0.741,0.5753,Growth
DOC00947,West Bengal,Siliguri,Internal Medicine,157,0.355,Drug_D,0.28,0.549375,0.355,0.4372,Developing
DOC00948,Gujarat,Ahmedabad,Internal Medicine,75,0.684,Drug_B,0.378,0.1125,0.684,0.337,Developing
DOC00949,Rajasthan,Udaipur,Endocrinologist,362,0.552,Drug_C,0.532,0.933125,0.552,0.7386,Growth
DOC00950,West Bengal,Kolkata,General Physician,210,0.596,Drug_D,0.358,0.7210416666666667,0.596,0.6109,Growth
DOC00951,Maharashtra,Nashik,Internal Medicine,50,0.611,Drug_C,0.375,0.015833333333333335,0.611,0.2662,Developing
DOC00952,Delhi NCR,Gurugram,Internal Medicine,148,0.349,Drug_C,0.29,0.500625,0.349,0.413,Developing
DOC00953,Tamil Nadu,Coimbatore,Endocrinologist,655,0.437,Drug_C,0.75,0.99625,0.437,0.7792,Strategic
DOC00954,Karnataka,Hubballi,Internal Medicine,134,0.912,Drug_B,0.388,0.428125,0.912,0.5653,Growth
DOC00955,Maharashtra,Nashik,Diabetologist,50,0.415,Drug_B,0.417,0.015833333333333335,0.415,0.2158,Low Opportunity
DOC00956,Telangana,Hyderabad,General Physician,83,0.768,Drug_D,0.494,0.15104166666666666,0.768,0.4047,Developing
DOC00957,Gujarat,Vadodara,Endocrinologist,103,0.506,Drug_D,0.487,0.25958333333333333,0.506,0.379,Developing
DOC00958,Rajasthan,Udaipur,Internal Medicine,58,0.464,Drug_C,0.321,0.05395833333333333,0.464,0.2304,Low Opportunity
DOC00959,West Bengal,Kolkata,General Physician,255,0.928,Drug_D,0.712,0.81875,0.928,0.8302,Strategic
DOC00960,Tamil Nadu,Chennai,Diabetologist,208,0.593,Drug_B,0.469,0.7154166666666667,0.593,0.6294,Growth
DOC00961,Maharashtra,Nashik,Internal Medicine,50,0.355,Drug_C,0.292,0.015833333333333335,0.355,0.1728,Low Opportunity
DOC00962,Delhi NCR,Delhi,Endocrinologist,148,0.724,Drug_B,0.421,0.500625,0.724,0.5517,Growth
DOC00963,Maharashtra,Mumbai,Endocrinologist,195,0.916,Drug_D,0.425,0.6845833333333333,0.916,0.7021,Growth
DOC00964,Karnataka,Hubballi,Diabetologist,361,0.381,Drug_D,0.602,0.9310416666666667,0.381,0.7002,Growth
DOC00965,Rajasthan,Jaipur,Internal Medicine,159,0.68,Drug_D,0.523,0.5583333333333333,0.68,0.5878,Growth
DOC00966,Rajasthan,Udaipur,Diabetologist,79,0.077,Drug_C,0.266,0.12958333333333333,0.077,0.1411,Low Opportunity
DOC00967,Gujarat,Vadodara,Endocrinologist,135,0.41,Drug_C,0.386,0.43395833333333333,0.41,0.4172,Developing
DOC00968,Maharashtra,Nashik,General Physician,285,0.589,Drug_D,0.557,0.8645833333333334,0.589,0.7204,Growth
DOC00969,Maharashtra,Mumbai,Internal Medicine,381,0.425,Drug_B,0.582,0.9433333333333334,0.425,0.7156,Growth
DOC00970,Karnataka,Hubballi,General Physician,100,0.418,Drug_B,0.386,0.24208333333333334,0.418,0.3236,Developing
DOC00971,West Bengal,Siliguri,Internal Medicine,191,0.772,Drug_C,0.453,0.671875,0.772,0.6581,Growth
DOC00972,Telangana,Hyderabad,Endocrinologist,292,0.576,Drug_D,0.531,0.873125,0.576,0.7156,Growth
DOC00973,Maharashtra,Mumbai,Internal Medicine,113,0.78,Drug_B,0.507,0.3120833333333333,0.78,0.4914,Developing
DOC00974,West Bengal,Kolkata,Endocrinologist,148,0.435,Drug_C,0.279,0.500625,0.435,0.4366,Developing
DOC00975,West Bengal,Siliguri,Diabetologist,451,0.99,Drug_B,0.832,0.9716666666666667,0.99,0.9492,Strategic
DOC00976,Karnataka,Hubballi,Endocrinologist,50,0.486,Drug_B,0.353,0.015833333333333335,0.486,0.2243,Low Opportunity
DOC00977,Maharashtra,Pune,Cardiologist,209,0.341,Drug_B,0.351,0.718125,0.341,0.5316,Growth
DOC00978,Maharashtra,Pune,Internal Medicine,168,0.543,Drug_B,0.274,0.5883333333333334,0.543,0.5119,Growth
DOC00979,Karnataka,Bengaluru,Cardiologist,204,0.838,Drug_C,0.554,0.708125,0.838,0.7163,Growth
DOC00980,Rajasthan,Jaipur,Cardiologist,179,0.227,Drug_C,0.23,0.6277083333333333,0.227,0.428,Developing
DOC00981,Delhi NCR,Noida,Internal Medicine,189,0.738,Drug_B,0.38,0.6635416666666667,0.738,0.6292,Growth
DOC00982,Karnataka,Mysuru,Endocrinologist,139,0.67,Drug_C,0.393,0.45375,0.67,0.5065,Growth
DOC00983,Gujarat,Ahmedabad,Diabetologist,103,0.456,Drug_B,0.209,0.25958333333333333,0.456,0.3084,Developing
DOC00984,Tamil Nadu,Madurai,Endocrinologist,223,0.891,Drug_D,0.526,0.7552083333333334,0.891,0.7501,Strategic
DOC00985,West Bengal,Siliguri,General Physician,122,0.474,Drug_C,0.215,0.360625,0.474,0.3655,Developing
DOC00986,Tamil Nadu,Madurai,Endocrinologist,210,0.422,Drug_D,0.361,0.7210416666666667,0.422,0.5593,Growth
DOC00987,Tamil Nadu,Chennai,Diabetologist,233,0.8,Drug_B,0.701,0.7779166666666667,0.8,0.7692,Strategic
DOC00988,Maharashtra,Pune,Internal Medicine,131,0.773,Drug_B,0.388,0.410625,0.773,0.5148,Growth
DOC00989,Maharashtra,Pune,Diabetologist,154,0.715,Drug_B,0.408,0.531875,0.715,0.562,Growth
DOC00990,West Bengal,Kolkata,Internal Medicine,268,0.282,Drug_B,0.534,0.8410416666666667,0.282,0.6119,Growth
DOC00991,Gujarat,Vadodara,Internal Medicine,101,0.575,Drug_C,0.395,0.24833333333333332,0.575,0.3757,Developing
DOC00992,Maharashtra,Mumbai,Diabetologist,418,0.747,Drug_C,0.643,0.960625,0.747,0.833,Strategic
DOC00993,Tamil Nadu,Coimbatore,Internal Medicine,63,0.623,Drug_B,0.352,0.06916666666666667,0.623,0.2919,Developing
DOC00994,Gujarat,Surat,General Physician,66,0.886,Drug_B,0.417,0.07833333333333334,0.886,0.3884,Developing
DOC00995,West Bengal,Kolkata,Diabetologist,115,0.452,Drug_B,0.494,0.3202083333333333,0.452,0.3945,Developing
DOC00996,Rajasthan,Udaipur,Endocrinologist,96,0.344,Drug_C,0.306,0.214375,0.344,0.2716,Developing
DOC00997,West Bengal,Siliguri,General Physician,123,0.576,Drug_B,0.381,0.3672916666666667,0.576,0.4326,Developing
DOC00998,Gujarat,Surat,Endocrinologist,102,0.84,Drug_C,0.442,0.25416666666666665,0.84,0.4675,Developing
DOC00999,Maharashtra,Mumbai,General Physician,175,0.639,Drug_C,0.505,0.615,0.639,0.6002,Growth
DOC01000,Maharashtra,Nagpur,Diabetologist,143,0.661,Drug_B,0.348,0.474375,0.661,0.5051,Growth
DOC01001,Karnataka,Mysuru,Internal Medicine,234,0.889,Drug_D,0.629,0.7802083333333333,0.889,0.7826,Strategic
DOC01002,Gujarat,Surat,Endocrinologist,223,0.446,Drug_C,0.424,0.7552083333333334,0.446,0.5962,Growth
DOC01003,Rajasthan,Jaipur,Diabetologist,109,0.8,Drug_B,0.478,0.2939583333333333,0.8,0.4826,Developing
DOC01004,Delhi NCR,Gurugram,Diabetologist,200,0.959,Drug_B,0.472,0.6952083333333333,0.959,0.7297,Growth
DOC01005,Maharashtra,Mumbai,Internal Medicine,195,0.961,Drug_D,0.486,0.6845833333333333,0.961,0.7278,Growth
DOC01006,Karnataka,Hubballi,General Physician,133,0.259,Drug_D,0.221,0.421875,0.259,0.3328,Developing
DOC01007,Maharashtra,Pune,General Physician,196,0.408,Drug_C,0.348,0.6879166666666666,0.408,0.536,Growth
DOC01008,Tamil Nadu,Coimbatore,Internal Medicine,542,0.653,Drug_C,0.546,0.9895833333333334,0.653,0.7999,Strategic
DOC01009,Telangana,Hyderabad,Diabetologist,159,0.14,Drug_B,0.172,0.5583333333333333,0.14,0.3556,Developing
DOC01010,Karnataka,Hubballi,Endocrinologist,56,0.487,Drug_D,0.379,0.04729166666666667,0.487,0.2455,Low Opportunity
DOC01011,Maharashtra,Pune,Cardiologist,792,0.736,Drug_D,0.95,0.9991666666666666,0.736,0.9104,Strategic
DOC01012,Rajasthan,Jaipur,Diabetologist,70,0.236,Drug_B,0.207,0.09270833333333334,0.236,0.1586,Low Opportunity
DOC01013,Tamil Nadu,Madurai,Internal Medicine,113,0.925,Drug_D,0.442,0.3120833333333333,0.925,0.5219,Growth
DOC01014,Karnataka,Hubballi,Internal Medicine,60,0.274,Drug_D,0.309,0.058958333333333335,0.274,0.1735,Low Opportunity
DOC01015,Maharashtra,Nagpur,Diabetologist,53,0.685,Drug_B,0.439,0.038125,0.685,0.3124,Developing
DOC01016,Tamil Nadu,Chennai,Endocrinologist,116,0.666,Drug_B,0.445,0.32666666666666666,0.666,0.4521,Developing
DOC01017,Telangana,Warangal,Internal Medicine,226,0.437,Drug_D,0.512,0.7633333333333333,0.437,0.6152,Growth
DOC01018,Rajasthan,Jodhpur,Endocrinologist,144,0.502,Drug_B,0.394,0.4814583333333333,0.502,0.4701,Developing
DOC01019,Maharashtra,Mumbai,Internal Medicine,116,0.909,Drug_C,0.504,0.32666666666666666,0.909,0.5368,Growth
DOC01020,Karnataka,Bengaluru,Internal Medicine,140,0.896,Drug_B,0.39,0.45895833333333336,0.896,0.5763,Growth
DOC01021,Maharashtra,Nashik,Diabetologist,653,0.456,Drug_B,0.782,0.9958333333333333,0.456,0.7911,Strategic
DOC01022,Rajasthan,Udaipur,Internal Medicine,262,0.266,Drug_B,0.557,0.8325,0.266,0.6074,Growth
DOC01023,Rajasthan,Jaipur,Diabetologist,60,0.535,Drug_C,0.185,0.058958333333333335,0.535,0.227,Low Opportunity
DOC01024,Tamil Nadu,Madurai,Endocrinologist,439,0.626,Drug_C,0.66,0.9695833333333334,0.626,0.8046,Strategic
DOC01025,Karnataka,Mysuru,General Physician,317,0.455,Drug_B,0.533,0.8979166666666667,0.455,0.6921,Growth
DOC01026,Rajasthan,Udaipur,Endocrinologist,223,0.566,Drug_B,0.282,0.7552083333333334,0.566,0.6038,Growth
DOC01027,Tamil Nadu,Madurai,Internal Medicine,214,0.235,Drug_C,0.41,0.7302083333333333,0.235,0.5176,Growth
DOC01028,West Bengal,Kolkata,Diabetologist,230,0.392,Drug_C,0.466,0.7722916666666667,0.392,0.5969,Growth
DOC01029,Maharashtra,Nagpur,Internal Medicine,106,0.767,Drug_B,0.404,0.2783333333333333,0.767,0.4501,Developing
DOC01030,Tamil Nadu,Madurai,Cardiologist,98,0.122,Drug_D,0.226,0.22791666666666666,0.122,0.1958,Low Opportunity
DOC01031,Maharashtra,Nagpur,Internal Medicine,194,0.467,Drug_C,0.401,0.68125,0.467,0.5609,Growth
DOC01032,Delhi NCR,Gurugram,Cardiologist,120,0.468,Drug_D,0.255,0.3485416666666667,0.468,0.3657,Developing
DOC01033,Gujarat,Ahmedabad,Internal Medicine,111,0.461,Drug_D,0.333,0.3045833333333333,0.461,0.3572,Developing
DOC01034,Maharashtra,Nagpur,General Physician,93,0.662,Drug_C,0.362,0.19854166666666667,0.662,0.3703,Developing
DOC01035,Karnataka,Hubballi,Diabetologist,77,0.862,Drug_D,0.47,0.12208333333333334,0.862,0.4136,Developing
DOC01036,West Bengal,Siliguri,Internal Medicine,160,0.449,Drug_C,0.458,0.5645833333333333,0.449,0.5086,Growth
DOC01037,Telangana,Hyderabad,Cardiologist,134,0.601,Drug_B,0.344,0.428125,0.601,0.4632,Developing
DOC01038,Delhi NCR,Gurugram,Diabetologist,110,0.343,Drug_B,0.26,0.2997916666666667,0.343,0.3048,Developing
DOC01039,Rajasthan,Jodhpur,Diabetologist,374,0.369,Drug_B,0.481,0.9391666666666667,0.369,0.6765,Growth
DOC01040,Rajasthan,Jodhpur,General Physician,494,0.846,Drug_C,0.631,0.9825,0.846,0.8712,Strategic
DOC01041,Maharashtra,Pune,Internal Medicine,115,0.491,Drug_B,0.438,0.3202083333333333,0.491,0.395,Developing
DOC01042,Rajasthan,Jodhpur,Internal Medicine,100,0.61,Drug_C,0.446,0.24208333333333334,0.61,0.3932,Developing
DOC01043,Delhi NCR,Gurugram,Diabetologist,67,0.34,Drug_B,0.313,0.081875,0.34,0.2055,Low Opportunity
DOC01044,Telangana,Warangal,General Physician,221,0.8,Drug_C,0.575,0.7472916666666667,0.8,0.7286,Growth
DOC01045,Maharashtra,Mumbai,Endocrinologist,80,0.422,Drug_C,0.403,0.13458333333333333,0.422,0.2745,Developing
DOC01046,Telangana,Hyderabad,Endocrinologist,102,0.444,Drug_C,0.306,0.25416666666666665,0.444,0.3215,Developing
DOC01047,West Bengal,Siliguri,Internal Medicine,73,0.526,Drug_C,0.416,0.105625,0.526,0.2938,Developing
DOC01048,West Bengal,Siliguri,General Physician,172,0.679,Drug_C,0.54,0.605,0.679,0.6142,Growth
DOC01049,Tamil Nadu,Coimbatore,Internal Medicine,263,0.625,Drug_B,0.509,0.83375,0.625,0.7062,Growth
DOC01050,West Bengal,Siliguri,Endocrinologist,197,0.816,Drug_D,0.644,0.6902083333333333,0.816,0.7187,Growth
DOC01051,Telangana,Hyderabad,General Physician,175,0.779,Drug_B,0.575,0.615,0.779,0.6562,Growth
DOC01052,Gujarat,Surat,Diabetologist,187,0.656,Drug_D,0.438,0.6570833333333334,0.656,0.6129,Growth
DOC01053,Delhi NCR,Delhi,General Physician,195,0.63,Drug_B,0.478,0.6845833333333333,0.63,0.6269,Growth
DOC01054,Delhi NCR,Gurugram,General Physician,232,0.438,Drug_B,0.283,0.7758333333333334,0.438,0.5759,Growth
DOC01055,Tamil Nadu,Chennai,Diabetologist,263,0.571,Drug_B,0.557,0.83375,0.571,0.6996,Growth
DOC01056,Maharashtra,Pune,Diabetologist,156,0.529,Drug_C,0.418,0.5439583333333333,0.529,0.5143,Growth
DOC01057,Karnataka,Hubballi,General Physician,90,0.722,Drug_D,0.394,0.184375,0.722,0.3876,Developing
DOC01058,Rajasthan,Jodhpur,Endocrinologist,85,0.879,Drug_B,0.481,0.15833333333333333,0.879,0.4391,Developing
DOC01059,Tamil Nadu,Coimbatore,Diabetologist,89,0.699,Drug_B,0.477,0.17729166666666665,0.699,0.3937,Developing
DOC01060,Maharashtra,Nagpur,Endocrinologist,50,0.267,Drug_B,0.341,0.015833333333333335,0.267,0.1562,Low Opportunity
DOC01061,Delhi NCR,Noida,Internal Medicine,65,0.45,Drug_B,0.361,0.07479166666666667,0.45,0.2446,Low Opportunity
DOC01062,Telangana,Hyderabad,Diabetologist,345,0.872,Drug_D,0.649,0.92,0.872,0.8514,Strategic
DOC01063,Karnataka,Hubballi,Diabetologist,203,0.45,Drug_C,0.473,0.7066666666666667,0.45,0.5829,Growth
DOC01064,Tamil Nadu,Madurai,General Physician,167,0.41,Drug_C,0.42,0.583125,0.41,0.4986,Developing
DOC01065,West Bengal,Siliguri,Diabetologist,310,0.446,Drug_D,0.633,0.89125,0.446,0.706,Growth
DOC01066,Maharashtra,Pune,General Physician,138,0.924,Drug_B,0.479,0.446875,0.924,0.5964,Growth
DOC01067,Maharashtra,Mumbai,General Physician,264,0.718,Drug_B,0.481,0.8354166666666667,0.718,0.7293,Growth
DOC01068,Karnataka,Hubballi,Diabetologist,236,0.595,Drug_D,0.511,0.7852083333333333,0.595,0.6733,Growth
DOC01069,Maharashtra,Nashik,Diabetologist,153,0.203,Drug_B,0.39,0.5264583333333334,0.203,0.4021,Developing
DOC01070,Rajasthan,Jaipur,General Physician,428,0.642,Drug_B,0.457,0.965,0.642,0.7665,Strategic
DOC01071,West Bengal,Kolkata,Internal Medicine,115,0.882,Drug_C,0.519,0.3202083333333333,0.882,0.5285,Growth
DOC01072,Rajasthan,Jaipur,Diabetologist,156,0.687,Drug_B,0.416,0.5439583333333333,0.687,0.5613,Growth
DOC01073,Tamil Nadu,Madurai,Cardiologist,110,0.777,Drug_D,0.532,0.2997916666666667,0.777,0.4894,Developing
DOC01074,West Bengal,Kolkata,Internal Medicine,341,0.517,Drug_D,0.699,0.91625,0.517,0.753,Strategic
DOC01075,Rajasthan,Udaipur,Internal Medicine,256,0.971,Drug_C,0.592,0.8208333333333333,0.971,0.8201,Strategic
DOC01076,Delhi NCR,Gurugram,Cardiologist,259,0.635,Drug_B,0.442,0.8270833333333333,0.635,0.6924,Growth
DOC01077,Karnataka,Hubballi,Diabetologist,186,0.542,Drug_B,0.344,0.653125,0.542,0.558,Growth
DOC01078,Karnataka,Mysuru,Endocrinologist,50,0.32,Drug_B,0.153,0.015833333333333335,0.32,0.1345,Low Opportunity
DOC01079,West Bengal,Siliguri,General Physician,134,0.71,Drug_D,0.327,0.428125,0.71,0.4925,Developing
DOC01080,Maharashtra,Pune,General Physician,123,0.548,Drug_C,0.44,0.3672916666666667,0.548,0.436,Developing
DOC01081,Rajasthan,Jaipur,Internal Medicine,201,0.858,Drug_D,0.553,0.700625,0.858,0.7183,Growth
DOC01082,Karnataka,Mysuru,General Physician,179,0.465,Drug_B,0.484,0.6277083333333333,0.465,0.5502,Growth
DOC01083,Delhi NCR,Delhi,Cardiologist,132,0.21,Drug_B,0.105,0.41625,0.21,0.2921,Developing
DOC01084,Karnataka,Hubballi,Internal Medicine,123,0.907,Drug_B,0.624,0.3672916666666667,0.907,0.5805,Growth
DOC01085,West Bengal,Kolkata,Diabetologist,84,0.826,Drug_B,0.386,0.154375,0.826,0.4022,Developing
DOC01086,Karnataka,Mysuru,Diabetologist,121,0.447,Drug_B,0.531,0.35375,0.447,0.4172,Developing
DOC01087,Maharashtra,Mumbai,Diabetologist,82,0.706,Drug_D,0.449,0.14583333333333334,0.706,0.3745,Developing
DOC01088,Telangana,Warangal,Diabetologist,265,0.746,Drug_C,0.354,0.8370833333333333,0.746,0.7131,Growth
DOC01089,Telangana,Warangal,Endocrinologist,229,0.75,Drug_D,0.455,0.7697916666666667,0.75,0.7009,Growth
DOC01090,Tamil Nadu,Coimbatore,Internal Medicine,65,0.449,Drug_B,0.308,0.07479166666666667,0.449,0.2337,Low Opportunity
DOC01091,Delhi NCR,Noida,Internal Medicine,158,0.642,Drug_D,0.382,0.5525,0.642,0.5452,Growth
DOC01092,Telangana,Hyderabad,Endocrinologist,80,0.6,Drug_D,0.259,0.13458333333333333,0.6,0.2991,Developing
DOC01093,Karnataka,Mysuru,Cardiologist,121,0.455,Drug_B,0.485,0.35375,0.455,0.4104,Developing
DOC01094,Karnataka,Bengaluru,General Physician,128,0.888,Drug_B,0.444,0.39458333333333334,0.888,0.5525,Growth
DOC01095,Maharashtra,Pune,Diabetologist,149,0.783,Drug_B,0.449,0.5058333333333334,0.783,0.5776,Growth
DOC01096,Karnataka,Bengaluru,General Physician,148,0.532,Drug_D,0.241,0.500625,0.532,0.4581,Developing
DOC01097,West Bengal,Siliguri,General Physician,202,0.767,Drug_C,0.581,0.705,0.767,0.6988,Growth
DOC01098,Tamil Nadu,Chennai,Diabetologist,123,0.341,Drug_D,0.337,0.3672916666666667,0.341,0.3533,Developing
DOC01099,Karnataka,Mysuru,Internal Medicine,222,0.471,Drug_B,0.405,0.750625,0.471,0.5976,Growth
DOC01100,Maharashtra,Pune,Endocrinologist,50,0.795,Drug_B,0.392,0.015833333333333335,0.795,0.3248,Developing
DOC01101,Tamil Nadu,Madurai,Endocrinologist,236,0.39,Drug_B,0.44,0.7852083333333333,0.39,0.5976,Growth
DOC01102,Gujarat,Vadodara,Internal Medicine,154,0.369,Drug_B,0.434,0.531875,0.369,0.4634,Developing
DOC01103,Karnataka,Hubballi,Internal Medicine,432,0.333,Drug_C,0.662,0.9658333333333333,0.333,0.7152,Growth
DOC01104,Delhi NCR,Noida,General Physician,50,0.644,Drug_D,0.271,0.015833333333333335,0.644,0.2553,Developing
DOC01105,Karnataka,Hubballi,Diabetologist,173,0.21,Drug_C,0.384,0.6095833333333334,0.21,0.4446,Developing
DOC01106,Karnataka,Mysuru,Diabetologist,454,0.564,Drug_B,0.708,0.973125,0.564,0.7974,Strategic
DOC01107,Maharashtra,Nashik,Internal Medicine,115,0.4,Drug_B,0.296,0.3202083333333333,0.4,0.3393,Developing
DOC01108,Gujarat,Surat,Endocrinologist,150,0.394,Drug_C,0.299,0.5116666666666667,0.394,0.4338,Developing
DOC01109,West Bengal,Siliguri,Cardiologist,324,0.3,Drug_B,0.547,0.9035416666666667,0.3,0.6512,Growth
DOC01110,Delhi NCR,Delhi,General Physician,326,0.64,Drug_D,0.596,0.905625,0.64,0.764,Strategic
DOC01111,West Bengal,Kolkata,Internal Medicine,136,0.428,Drug_C,0.321,0.43875,0.428,0.412,Developing
DOC01112,Karnataka,Hubballi,Endocrinologist,303,0.702,Drug_B,0.482,0.8879166666666667,0.702,0.751,Strategic
DOC01113,Delhi NCR,Gurugram,Endocrinologist,92,0.827,Drug_C,0.458,0.19354166666666667,0.827,0.4365,Developing
DOC01114,Gujarat,Vadodara,Internal Medicine,346,0.309,Drug_B,0.591,0.9208333333333333,0.309,0.6713,Growth
DOC01115,Karnataka,Bengaluru,Diabetologist,75,0.766,Drug_D,0.365,0.1125,0.766,0.3591,Developing
DOC01116,Gujarat,Ahmedabad,Endocrinologist,143,0.296,Drug_B,0.486,0.474375,0.296,0.4232,Developing
DOC01117,West Bengal,Siliguri,General Physician,105,0.476,Drug_C,0.416,0.2735416666666667,0.476,0.3628,Developing
DOC01118,Karnataka,Mysuru,Internal Medicine,145,0.62,Drug_B,0.308,0.4875,0.62,0.4913,Developing
DOC01119,Karnataka,Bengaluru,Diabetologist,188,0.558,Drug_C,0.421,0.660625,0.558,0.5819,Growth
DOC01120,Karnataka,Mysuru,Diabetologist,59,0.643,Drug_D,0.248,0.05625,0.643,0.2706,Developing
DOC01121,Maharashtra,Pune,General Physician,121,0.328,Drug_C,0.219,0.35375,0.328,0.3191,Developing
DOC01122,Delhi NCR,Noida,Diabetologist,114,0.569,Drug_C,0.389,0.3154166666666667,0.569,0.4062,Developing
DOC01123,Delhi NCR,Noida,Cardiologist,500,0.307,Drug_C,0.504,0.9833333333333333,0.307,0.6846,Growth
DOC01124,Maharashtra,Nashik,Endocrinologist,170,0.44,Drug_C,0.462,0.5970833333333333,0.44,0.5229,Growth
DOC01125,Gujarat,Surat,General Physician,209,0.816,Drug_B,0.497,0.718125,0.816,0.7033,Growth
DOC01126,West Bengal,Kolkata,Diabetologist,201,0.447,Drug_B,0.33,0.700625,0.447,0.5504,Growth
DOC01127,Karnataka,Mysuru,General Physician,144,0.502,Drug_D,0.479,0.4814583333333333,0.502,0.4871,Developing
DOC01128,Delhi NCR,Delhi,Diabetologist,78,0.868,Drug_B,0.507,0.12520833333333334,0.868,0.4244,Developing
DOC01129,Maharashtra,Nashik,General Physician,125,0.202,Drug_C,0.242,0.3779166666666667,0.202,0.298,Developing
DOC01130,Delhi NCR,Delhi,Cardiologist,73,0.214,Drug_B,0.299,0.105625,0.214,0.1768,Low Opportunity
DOC01131,Telangana,Warangal,Endocrinologist,50,0.628,Drug_C,0.201,0.015833333333333335,0.628,0.2365,Low Opportunity
DOC01132,Rajasthan,Udaipur,Diabetologist,69,0.531,Drug_D,0.393,0.08875,0.531,0.2823,Developing
DOC01133,Maharashtra,Nashik,Diabetologist,119,0.583,Drug_B,0.248,0.34229166666666666,0.583,0.3956,Developing
DOC01134,Maharashtra,Pune,General Physician,290,0.493,Drug_C,0.541,0.8702083333333334,0.493,0.6912,Growth
DOC01135,Maharashtra,Nashik,Endocrinologist,50,0.572,Drug_B,0.323,0.015833333333333335,0.572,0.2441,Low Opportunity
DOC01136,West Bengal,Siliguri,Diabetologist,229,0.705,Drug_B,0.431,0.7697916666666667,0.705,0.6826,Growth
DOC01137,Tamil Nadu,Madurai,General Physician,200,0.51,Drug_D,0.388,0.6952083333333333,0.51,0.5782,Growth
DOC01138,Delhi NCR,Delhi,Diabetologist,129,0.304,Drug_C,0.361,0.40020833333333333,0.304,0.3635,Developing
DOC01139,Rajasthan,Jodhpur,Cardiologist,121,0.366,Drug_C,0.288,0.35375,0.366,0.3443,Developing
DOC01140,West Bengal,Kolkata,Diabetologist,138,0.895,Drug_B,0.626,0.446875,0.895,0.6171,Growth
DOC01141,Rajasthan,Jodhpur,Internal Medicine,112,0.501,Drug_D,0.368,0.30875,0.501,0.3783,Developing
DOC01142,Karnataka,Hubballi,Cardiologist,86,0.715,Drug_B,0.288,0.163125,0.715,0.3537,Developing
DOC01143,Delhi NCR,Delhi,General Physician,90,0.604,Drug_B,0.297,0.184375,0.604,0.3328,Developing
DOC01144,Gujarat,Ahmedabad,Internal Medicine,212,0.882,Drug_B,0.582,0.7258333333333333,0.882,0.7439,Growth
DOC01145,Telangana,Hyderabad,Diabetologist,130,0.521,Drug_D,0.31,0.40541666666666665,0.521,0.421,Developing
DOC01146,Telangana,Warangal,Endocrinologist,121,0.124,Drug_B,0.209,0.35375,0.124,0.2559,Developing
DOC01147,West Bengal,Siliguri,Internal Medicine,69,0.629,Drug_C,0.374,0.08875,0.629,0.3079,Developing
DOC01148,Rajasthan,Udaipur,General Physician,91,0.566,Drug_C,0.379,0.18895833333333334,0.566,0.3401,Developing
DOC01149,Delhi NCR,Gurugram,Internal Medicine,163,0.58,Drug_B,0.51,0.5720833333333334,0.58,0.562,Growth
DOC01150,Delhi NCR,Noida,Diabetologist,180,0.761,Drug_D,0.417,0.631875,0.761,0.6276,Growth
DOC01151,Karnataka,Bengaluru,Internal Medicine,93,0.748,Drug_D,0.467,0.19854166666666667,0.748,0.4171,Developing
DOC01152,Delhi NCR,Gurugram,General Physician,53,0.472,Drug_B,0.351,0.038125,0.472,0.2309,Low Opportunity
DOC01153,Delhi NCR,Gurugram,Internal Medicine,192,0.088,Drug_D,0.382,0.6747916666666667,0.088,0.4402,Developing
DOC01154,Karnataka,Bengaluru,General Physician,108,0.902,Drug_B,0.442,0.2891666666666667,0.902,0.5036,Growth
DOC01155,Maharashtra,Nagpur,Internal Medicine,89,0.4,Drug_B,0.232,0.17729166666666665,0.4,0.255,Developing
DOC01156,West Bengal,Kolkata,Diabetologist,81,0.224,Drug_B,0.312,0.139375,0.224,0.1993,Low Opportunity
DOC01157,Karnataka,Bengaluru,Diabetologist,158,0.942,Drug_C,0.548,0.5525,0.942,0.6684,Growth
DOC01158,Rajasthan,Jaipur,Diabetologist,179,0.605,Drug_B,0.404,0.6277083333333333,0.605,0.5762,Growth
DOC01159,Maharashtra,Pune,General Physician,139,0.778,Drug_C,0.39,0.45375,0.778,0.5383,Growth
DOC01160,Maharashtra,Nagpur,Endocrinologist,408,0.599,Drug_C,0.584,0.9558333333333333,0.599,0.7744,Strategic
DOC01161,Tamil Nadu,Coimbatore,Internal Medicine,91,0.486,Drug_C,0.407,0.18895833333333334,0.486,0.3217,Developing
DOC01162,Tamil Nadu,Chennai,General Physician,269,0.826,Drug_B,0.527,0.8427083333333333,0.826,0.7746,Strategic
DOC01163,Telangana,Warangal,Internal Medicine,418,0.778,Drug_C,0.76,0.960625,0.778,0.8657,Strategic
DOC01164,Rajasthan,Jodhpur,Internal Medicine,201,0.536,Drug_D,0.561,0.700625,0.536,0.6233,Growth
DOC01165,West Bengal,Kolkata,Internal Medicine,103,0.476,Drug_B,0.453,0.25958333333333333,0.476,0.3632,Developing
DOC01166,Delhi NCR,Gurugram,Diabetologist,77,0.527,Drug_D,0.404,0.12208333333333334,0.527,0.2999,Developing
DOC01167,Tamil Nadu,Coimbatore,Internal Medicine,604,0.47,Drug_B,0.75,0.9929166666666667,0.47,0.7875,Strategic
DOC01168,Gujarat,Surat,General Physician,59,0.717,Drug_C,0.488,0.05625,0.717,0.3408,Developing
DOC01169,Rajasthan,Jaipur,General Physician,286,0.857,Drug_B,0.496,0.8660416666666667,0.857,0.7893,Strategic
DOC01170,Tamil Nadu,Madurai,Internal Medicine,143,0.827,Drug_B,0.359,0.474375,0.827,0.5571,Growth
DOC01171,Tamil Nadu,Madurai,Internal Medicine,213,0.165,Drug_D,0.37,0.7279166666666667,0.165,0.4875,Developing
DOC01172,Delhi NCR,Noida,Endocrinologist,117,0.642,Drug_B,0.489,0.33145833333333335,0.642,0.4561,Developing
DOC01173,Delhi NCR,Delhi,Diabetologist,78,0.336,Drug_D,0.39,0.12520833333333334,0.336,0.2414,Low Opportunity
DOC01174,Rajasthan,Jaipur,Diabetologist,53,0.638,Drug_B,0.122,0.038125,0.638,0.2349,Low Opportunity
DOC01175,Telangana,Warangal,General Physician,76,0.647,Drug_D,0.323,0.1175,0.647,0.3174,Developing
DOC01176,Tamil Nadu,Madurai,Endocrinologist,151,0.656,Drug_B,0.352,0.5175,0.656,0.526,Growth
DOC01177,Delhi NCR,Gurugram,Diabetologist,70,0.61,Drug_C,0.34,0.09270833333333334,0.61,0.2974,Developing
DOC01178,West Bengal,Kolkata,Internal Medicine,321,0.586,Drug_B,0.628,0.901875,0.586,0.7523,Strategic
DOC01179,Karnataka,Bengaluru,Diabetologist,153,0.372,Drug_B,0.411,0.5264583333333334,0.372,0.457,Developing
DOC01180,Karnataka,Hubballi,Cardiologist,275,0.893,Drug_B,0.611,0.8520833333333333,0.893,0.8161,Strategic
DOC01181,Delhi NCR,Delhi,Internal Medicine,81,0.919,Drug_D,0.49,0.139375,0.919,0.4434,Developing
DOC01182,Rajasthan,Jaipur,Diabetologist,66,0.781,Drug_B,0.551,0.07833333333333334,0.781,0.3837,Developing
DOC01183,Tamil Nadu,Madurai,Diabetologist,118,0.506,Drug_D,0.364,0.335625,0.506,0.3924,Developing
DOC01184,Delhi NCR,Gurugram,Cardiologist,107,0.595,Drug_D,0.444,0.2839583333333333,0.595,0.4093,Developing
DOC01185,Tamil Nadu,Madurai,Diabetologist,352,0.659,Drug_D,0.473,0.9258333333333333,0.659,0.7552,Strategic
DOC01186,Gujarat,Ahmedabad,Internal Medicine,80,0.581,Drug_D,0.352,0.13458333333333333,0.581,0.312,Developing
DOC01187,Delhi NCR,Noida,Internal Medicine,271,0.813,Drug_C,0.458,0.8458333333333333,0.813,0.7584,Strategic
DOC01188,Gujarat,Vadodara,Internal Medicine,96,0.423,Drug_D,0.265,0.214375,0.423,0.2871,Developing
DOC01189,Gujarat,Vadodara,Diabetologist,152,0.944,Drug_B,0.471,0.5220833333333333,0.944,0.6384,Growth
DOC01190,Maharashtra,Nashik,Cardiologist,331,0.779,Drug_B,0.571,0.910625,0.779,0.8032,Strategic
DOC01191,Rajasthan,Udaipur,Cardiologist,146,0.572,Drug_C,0.386,0.49166666666666664,0.572,0.4946,Developing
DOC01192,West Bengal,Kolkata,Internal Medicine,166,0.343,Drug_B,0.394,0.57875,0.343,0.4711,Developing
DOC01193,Delhi NCR,Delhi,Diabetologist,86,0.725,Drug_B,0.286,0.163125,0.725,0.3563,Developing
DOC01194,Tamil Nadu,Coimbatore,Internal Medicine,76,0.712,Drug_B,0.213,0.1175,0.712,0.3149,Developing
DOC01195,Maharashtra,Nashik,Diabetologist,139,0.641,Drug_C,0.485,0.45375,0.641,0.5162,Growth
DOC01196,Rajasthan,Udaipur,Cardiologist,329,0.882,Drug_C,0.575,0.90875,0.882,0.834,Strategic
DOC01197,Gujarat,Ahmedabad,General Physician,168,0.34,Drug_B,0.386,0.5883333333333334,0.34,0.4734,Developing
DOC01198,West Bengal,Siliguri,Endocrinologist,162,0.756,Drug_C,0.488,0.5689583333333333,0.756,0.6089,Growth
DOC01199,Rajasthan,Jaipur,Internal Medicine,367,0.622,Drug_D,0.573,0.9375,0.622,0.77,Strategic
DOC01200,Tamil Nadu,Madurai,Endocrinologist,60,0.718,Drug_C,0.546,0.058958333333333335,0.718,0.3541,Developing
DOC01201,Karnataka,Bengaluru,Cardiologist,283,0.578,Drug_B,0.457,0.8622916666666667,0.578,0.6959,Growth
DOC01202,Rajasthan,Udaipur,Internal Medicine,533,0.561,Drug_B,0.697,0.9883333333333333,0.561,0.8019,Strategic
DOC01203,Maharashtra,Nagpur,Diabetologist,50,0.544,Drug_D,0.263,0.015833333333333335,0.544,0.2237,Low Opportunity
DOC01204,Telangana,Hyderabad,Internal Medicine,90,0.682,Drug_B,0.37,0.184375,0.682,0.3708,Developing
DOC01205,West Bengal,Kolkata,Internal Medicine,216,0.614,Drug_D,0.439,0.7370833333333333,0.614,0.6405,Growth
DOC01206,Telangana,Hyderabad,Internal Medicine,350,0.428,Drug_C,0.536,0.92375,0.428,0.6975,Growth
DOC01207,Tamil Nadu,Chennai,Cardiologist,205,0.406,Drug_B,0.296,0.7097916666666667,0.406,0.5359,Growth
DOC01208,West Bengal,Siliguri,Internal Medicine,716,0.868,Drug_C,0.876,0.9975,0.868,0.9344,Strategic
DOC01209,Delhi NCR,Gurugram,Endocrinologist,150,0.578,Drug_C,0.419,0.5116666666666667,0.578,0.513,Growth
DOC01210,Gujarat,Surat,General Physician,224,0.178,Drug_B,0.382,0.7583333333333333,0.178,0.509,Growth
DOC01211,Maharashtra,Pune,Endocrinologist,72,0.454,Drug_B,0.288,0.100625,0.454,0.2441,Low Opportunity
DOC01212,Tamil Nadu,Chennai,Internal Medicine,138,0.908,Drug_C,0.388,0.446875,0.908,0.5734,Growth
DOC01213,Tamil Nadu,Chennai,Cardiologist,66,0.557,Drug_C,0.325,0.07833333333333334,0.557,0.2713,Developing
DOC01214,Rajasthan,Jodhpur,Endocrinologist,79,0.905,Drug_B,0.458,0.12958333333333333,0.905,0.4279,Developing
DOC01215,Gujarat,Vadodara,General Physician,191,0.335,Drug_C,0.459,0.671875,0.335,0.5282,Growth
DOC01216,West Bengal,Kolkata,Internal Medicine,215,0.263,Drug_B,0.408,0.7339583333333334,0.263,0.5275,Growth
DOC01217,Karnataka,Bengaluru,Endocrinologist,181,0.471,Drug_B,0.424,0.6352083333333334,0.471,0.5437,Growth
DOC01218,Maharashtra,Nagpur,Internal Medicine,623,0.756,Drug_D,0.912,0.9945833333333334,0.756,0.9065,Strategic
DOC01219,Gujarat,Vadodara,Endocrinologist,201,0.429,Drug_C,0.294,0.700625,0.429,0.5378,Growth
DOC01220,Gujarat,Ahmedabad,Cardiologist,482,0.624,Drug_B,0.874,0.9808333333333333,0.624,0.8524,Strategic
DOC01221,Rajasthan,Jaipur,Cardiologist,362,0.64,Drug_B,0.581,0.933125,0.64,0.7748,Strategic
DOC01222,Karnataka,Hubballi,Diabetologist,73,0.315,Drug_B,0.318,0.105625,0.315,0.2109,Low Opportunity
DOC01223,Gujarat,Ahmedabad,Diabetologist,251,0.496,Drug_C,0.477,0.81375,0.496,0.6511,Growth
DOC01224,Maharashtra,Nagpur,Endocrinologist,149,0.72,Drug_C,0.485,0.5058333333333334,0.72,0.5659,Growth
DOC01225,Tamil Nadu,Chennai,Cardiologist,57,0.509,Drug_C,0.355,0.050833333333333335,0.509,0.2491,Low Opportunity
DOC01226,Rajasthan,Udaipur,Cardiologist,155,0.794,Drug_B,0.438,0.5375,0.794,0.5946,Growth
DOC01227,Karnataka,Hubballi,Endocrinologist,96,0.669,Drug_B,0.404,0.214375,0.669,0.3887,Developing
DOC01228,West Bengal,Kolkata,Endocrinologist,68,0.976,Drug_C,0.404,0.085,0.976,0.4161,Developing
DOC01229,West Bengal,Kolkata,Internal Medicine,53,0.857,Drug_D,0.303,0.038125,0.857,0.3368,Developing
DOC01230,Karnataka,Mysuru,General Physician,111,0.425,Drug_B,0.282,0.3045833333333333,0.425,0.3362,Developing
DOC01231,Maharashtra,Mumbai,Diabetologist,147,0.408,Drug_B,0.475,0.495625,0.408,0.4652,Developing
DOC01232,Karnataka,Hubballi,General Physician,65,0.458,Drug_C,0.235,0.07479166666666667,0.458,0.2218,Low Opportunity
DOC01233,Rajasthan,Udaipur,General Physician,187,0.19,Drug_B,0.312,0.6570833333333334,0.19,0.4479,Developing
DOC01234,Rajasthan,Udaipur,Diabetologist,148,0.914,Drug_D,0.478,0.500625,0.914,0.6201,Growth
DOC01235,Gujarat,Vadodara,Diabetologist,54,0.492,Drug_B,0.28,0.042291666666666665,0.492,0.2247,Low Opportunity
DOC01236,Delhi NCR,Delhi,General Physician,82,0.604,Drug_C,0.203,0.14583333333333334,0.604,0.2947,Developing
DOC01237,Delhi NCR,Delhi,Endocrinologist,98,0.369,Drug_C,0.281,0.22791666666666666,0.369,0.2809,Developing
DOC01238,Telangana,Hyderabad,Endocrinologist,156,0.469,Drug_C,0.374,0.5439583333333333,0.469,0.4875,Developing
DOC01239,Rajasthan,Jaipur,Internal Medicine,105,0.674,Drug_C,0.333,0.2735416666666667,0.674,0.4056,Developing
DOC01240,Telangana,Hyderabad,General Physician,179,0.743,Drug_C,0.466,0.6277083333333333,0.743,0.63,Growth
DOC01241,Rajasthan,Jodhpur,Endocrinologist,90,0.771,Drug_C,0.517,0.184375,0.771,0.4269,Developing
DOC01242,Gujarat,Surat,Diabetologist,107,0.209,Drug_D,0.292,0.2839583333333333,0.209,0.2631,Developing
DOC01243,Karnataka,Hubballi,Internal Medicine,99,0.065,Drug_B,0.341,0.23458333333333334,0.065,0.205,Low Opportunity
DOC01244,Telangana,Warangal,Internal Medicine,57,0.487,Drug_C,0.493,0.050833333333333335,0.487,0.2701,Developing
DOC01245,West Bengal,Siliguri,Internal Medicine,376,0.482,Drug_C,0.602,0.9404166666666667,0.482,0.7352,Growth
DOC01246,Rajasthan,Udaipur,Endocrinologist,94,0.652,Drug_D,0.359,0.203125,0.652,0.369,Developing
DOC01247,Karnataka,Hubballi,General Physician,201,0.215,Drug_D,0.42,0.700625,0.215,0.4988,Developing
DOC01248,West Bengal,Kolkata,General Physician,200,0.672,Drug_B,0.582,0.6952083333333333,0.672,0.6656,Growth
DOC01249,Gujarat,Surat,Cardiologist,67,0.24,Drug_C,0.153,0.081875,0.24,0.1435,Low Opportunity
DOC01250,Tamil Nadu,Madurai,Internal Medicine,73,0.625,Drug_B,0.405,0.105625,0.625,0.3213,Developing
DOC01251,Gujarat,Ahmedabad,General Physician,50,0.607,Drug_C,0.254,0.015833333333333335,0.607,0.2408,Low Opportunity
DOC01252,Karnataka,Bengaluru,Cardiologist,89,0.832,Drug_B,0.487,0.17729166666666665,0.832,0.4356,Developing
DOC01253,Gujarat,Surat,Diabetologist,103,0.716,Drug_B,0.443,0.25958333333333333,0.716,0.4332,Developing
DOC01254,Karnataka,Hubballi,Internal Medicine,54,0.75,Drug_C,0.261,0.042291666666666665,0.75,0.2983,Developing
DOC01255,Karnataka,Bengaluru,Internal Medicine,293,0.604,Drug_D,0.599,0.875,0.604,0.7385,Growth
DOC01256,Telangana,Hyderabad,General Physician,101,0.723,Drug_B,0.321,0.24833333333333332,0.723,0.4053,Developing
DOC01257,Karnataka,Mysuru,Diabetologist,145,0.564,Drug_B,0.421,0.4875,0.564,0.4972,Developing
DOC01258,Delhi NCR,Delhi,General Physician,178,0.868,Drug_D,0.411,0.6235416666666667,0.868,0.6544,Growth
DOC01259,Maharashtra,Pune,Internal Medicine,102,0.748,Drug_D,0.458,0.25416666666666665,0.748,0.4431,Developing
DOC01260,Rajasthan,Jodhpur,Diabetologist,71,0.364,Drug_B,0.228,0.09645833333333333,0.364,0.203,Low Opportunity
DOC01261,West Bengal,Siliguri,General Physician,88,0.342,Drug_C,0.277,0.17145833333333332,0.342,0.2437,Low Opportunity
DOC01262,Rajasthan,Jaipur,General Physician,649,0.795,Drug_C,0.922,0.9954166666666666,0.795,0.9206,Strategic
DOC01263,Telangana,Warangal,Endocrinologist,227,0.684,Drug_B,0.57,0.7658333333333334,0.684,0.7021,Growth
DOC01264,Maharashtra,Pune,Internal Medicine,81,0.884,Drug_B,0.335,0.139375,0.884,0.4019,Developing
DOC01265,Tamil Nadu,Coimbatore,Internal Medicine,102,0.778,Drug_C,0.397,0.25416666666666665,0.778,0.4399,Developing
DOC01266,Delhi NCR,Gurugram,Endocrinologist,243,0.469,Drug_C,0.411,0.7997916666666667,0.469,0.6228,Growth
DOC01267,Tamil Nadu,Coimbatore,Endocrinologist,160,0.894,Drug_B,0.566,0.5645833333333333,0.894,0.6637,Growth
DOC01268,Tamil Nadu,Chennai,Endocrinologist,134,0.46,Drug_B,0.35,0.428125,0.46,0.4221,Developing
DOC01269,Karnataka,Hubballi,Endocrinologist,170,0.452,Drug_C,0.406,0.5970833333333333,0.452,0.5153,Growth
DOC01270,Gujarat,Ahmedabad,Internal Medicine,109,0.647,Drug_B,0.397,0.2939583333333333,0.647,0.4205,Developing
DOC01271,Rajasthan,Jodhpur,Internal Medicine,94,0.54,Drug_D,0.402,0.203125,0.54,0.344,Developing
DOC01272,Tamil Nadu,Coimbatore,General Physician,275,0.583,Drug_B,0.463,0.8520833333333333,0.583,0.6935,Growth
DOC01273,West Bengal,Kolkata,Internal Medicine,154,0.736,Drug_B,0.436,0.531875,0.736,0.5739,Growth
DOC01274,Maharashtra,Nagpur,Endocrinologist,170,0.337,Drug_B,0.414,0.5970833333333333,0.337,0.4824,Developing
DOC01275,Karnataka,Mysuru,Diabetologist,287,0.476,Drug_B,0.473,0.8672916666666667,0.476,0.671,Growth
DOC01276,Delhi NCR,Gurugram,General Physician,81,0.625,Drug_D,0.605,0.139375,0.625,0.3782,Developing
DOC01277,Karnataka,Bengaluru,General Physician,230,0.512,Drug_B,0.476,0.7722916666666667,0.512,0.6349,Growth
DOC01278,Delhi NCR,Noida,Diabetologist,95,0.616,Drug_B,0.396,0.20833333333333334,0.616,0.3682,Developing
DOC01279,Tamil Nadu,Chennai,Endocrinologist,428,0.296,Drug_B,0.635,0.965,0.296,0.6983,Growth
DOC01280,Tamil Nadu,Madurai,Internal Medicine,414,0.398,Drug_B,0.563,0.9591666666666666,0.398,0.7116,Growth
DOC01281,Gujarat,Ahmedabad,Internal Medicine,82,0.808,Drug_C,0.423,0.14583333333333334,0.808,0.3999,Developing
DOC01282,West Bengal,Siliguri,Diabetologist,144,0.322,Drug_B,0.4,0.4814583333333333,0.322,0.4173,Developing
DOC01283,Rajasthan,Jodhpur,Endocrinologist,338,0.392,Drug_C,0.697,0.9152083333333333,0.392,0.7146,Growth
DOC01284,Maharashtra,Nashik,Diabetologist,135,0.226,Drug_B,0.278,0.43395833333333333,0.226,0.3404,Developing
DOC01285,Delhi NCR,Delhi,General Physician,260,0.603,Drug_C,0.479,0.83,0.603,0.6917,Growth
DOC01286,Maharashtra,Mumbai,Internal Medicine,302,0.367,Drug_D,0.485,0.8866666666666667,0.367,0.6504,Growth
DOC01287,Rajasthan,Jaipur,General Physician,107,0.693,Drug_B,0.491,0.2839583333333333,0.693,0.4481,Developing
DOC01288,Tamil Nadu,Coimbatore,Internal Medicine,153,0.62,Drug_B,0.327,0.5264583333333334,0.62,0.5146,Growth
DOC01289,Delhi NCR,Gurugram,Diabetologist,127,0.293,Drug_B,0.175,0.38979166666666665,0.293,0.3178,Developing
DOC01290,Delhi NCR,Gurugram,Diabetologist,216,0.328,Drug_B,0.358,0.7370833333333333,0.328,0.5385,Growth
DOC01291,Rajasthan,Jodhpur,Endocrinologist,57,0.462,Drug_D,0.282,0.050833333333333335,0.462,0.2204,Low Opportunity
DOC01292,Tamil Nadu,Coimbatore,Internal Medicine,320,0.658,Drug_B,0.542,0.9008333333333334,0.658,0.7562,Strategic
DOC01293,Karnataka,Hubballi,Internal Medicine,132,0.685,Drug_D,0.485,0.41625,0.685,0.5106,Growth
DOC01294,Maharashtra,Mumbai,General Physician,99,0.664,Drug_C,0.569,0.23458333333333334,0.664,0.4303,Developing
DOC01295,Maharashtra,Nagpur,Internal Medicine,132,0.655,Drug_C,0.508,0.41625,0.655,0.5062,Growth
DOC01296,Gujarat,Vadodara,Endocrinologist,581,0.832,Drug_D,0.836,0.9920833333333333,0.832,0.9128,Strategic
DOC01297,Delhi NCR,Delhi,Endocrinologist,192,0.539,Drug_C,0.315,0.6747916666666667,0.539,0.5621,Growth
DOC01298,Telangana,Hyderabad,General Physician,310,0.676,Drug_B,0.673,0.89125,0.676,0.783,Strategic
DOC01299,Maharashtra,Pune,Internal Medicine,224,0.451,Drug_B,0.39,0.7583333333333333,0.451,0.5925,Growth
DOC01300,Rajasthan,Jodhpur,Diabetologist,62,0.848,Drug_D,0.265,0.06625,0.848,0.3405,Developing
DOC01301,Delhi NCR,Delhi,Cardiologist,53,0.588,Drug_B,0.296,0.038125,0.588,0.2547,Developing
DOC01302,Telangana,Hyderabad,Internal Medicine,131,0.381,Drug_C,0.336,0.410625,0.381,0.3868,Developing
DOC01303,Gujarat,Ahmedabad,Cardiologist,281,0.548,Drug_B,0.611,0.8591666666666666,0.548,0.7162,Growth
DOC01304,West Bengal,Siliguri,Endocrinologist,104,0.801,Drug_B,0.592,0.26625,0.801,0.4918,Developing
DOC01305,Maharashtra,Pune,Internal Medicine,144,0.139,Drug_D,0.208,0.4814583333333333,0.139,0.324,Developing
DOC01306,Rajasthan,Jodhpur,Endocrinologist,299,0.829,Drug_B,0.601,0.881875,0.829,0.8098,Strategic
DOC01307,Karnataka,Bengaluru,Diabetologist,100,0.758,Drug_D,0.42,0.24208333333333334,0.758,0.4324,Developing
DOC01308,Delhi NCR,Noida,Diabetologist,186,0.589,Drug_D,0.507,0.653125,0.589,0.6047,Growth
DOC01309,Gujarat,Vadodara,Diabetologist,207,0.844,Drug_C,0.583,0.713125,0.844,0.7264,Growth
DOC01310,Tamil Nadu,Coimbatore,Internal Medicine,50,0.589,Drug_B,0.095,0.015833333333333335,0.589,0.2036,Low Opportunity
DOC01311,Delhi NCR,Noida,Internal Medicine,114,0.093,Drug_B,0.214,0.3154166666666667,0.093,0.2284,Low Opportunity
DOC01312,Maharashtra,Nagpur,Diabetologist,50,0.486,Drug_B,0.316,0.015833333333333335,0.486,0.2169,Low Opportunity
DOC01313,Maharashtra,Mumbai,Endocrinologist,103,0.579,Drug_D,0.316,0.25958333333333333,0.579,0.3667,Developing
DOC01314,Maharashtra,Nashik,Diabetologist,81,0.77,Drug_B,0.37,0.139375,0.77,0.3747,Developing
DOC01315,Karnataka,Mysuru,General Physician,97,0.657,Drug_B,0.469,0.22145833333333334,0.657,0.4016,Developing
DOC01316,Gujarat,Surat,Endocrinologist,50,0.282,Drug_D,0.174,0.015833333333333335,0.282,0.1273,Low Opportunity
DOC01317,Rajasthan,Udaipur,Internal Medicine,122,0.777,Drug_B,0.456,0.360625,0.777,0.5046,Growth
DOC01318,Tamil Nadu,Madurai,Internal Medicine,177,0.623,Drug_D,0.399,0.6204166666666666,0.623,0.5769,Growth
DOC01319,Maharashtra,Nagpur,Internal Medicine,229,0.734,Drug_B,0.571,0.7697916666666667,0.734,0.7193,Growth
DOC01320,West Bengal,Kolkata,Endocrinologist,90,0.864,Drug_C,0.404,0.184375,0.864,0.4322,Developing
DOC01321,Karnataka,Hubballi,Internal Medicine,153,0.641,Drug_B,0.339,0.5264583333333334,0.641,0.5233,Growth
DOC01322,Maharashtra,Mumbai,Endocrinologist,118,0.458,Drug_D,0.381,0.335625,0.458,0.3814,Developing
DOC01323,Tamil Nadu,Madurai,General Physician,128,0.678,Drug_B,0.356,0.39458333333333334,0.678,0.4719,Developing
DOC01324,Gujarat,Vadodara,Endocrinologist,129,0.889,Drug_B,0.452,0.40020833333333333,0.889,0.5572,Growth
DOC01325,Karnataka,Bengaluru,Internal Medicine,167,0.749,Drug_D,0.432,0.583125,0.749,0.6027,Growth
DOC01326,Telangana,Warangal,General Physician,415,0.448,Drug_C,0.546,0.9597916666666667,0.448,0.7235,Growth
DOC01327,Karnataka,Hubballi,Internal Medicine,83,0.539,Drug_B,0.379,0.15104166666666666,0.539,0.313,Developing
DOC01328,Maharashtra,Nashik,Diabetologist,423,0.175,Drug_C,0.597,0.961875,0.175,0.6528,Growth
DOC01329,Delhi NCR,Gurugram,Internal Medicine,449,0.537,Drug_B,0.552,0.97125,0.537,0.7571,Strategic
DOC01330,Karnataka,Bengaluru,General Physician,163,0.219,Drug_D,0.35,0.5720833333333334,0.219,0.4217,Developing
DOC01331,Delhi NCR,Delhi,Cardiologist,92,0.923,Drug_B,0.536,0.19354166666666667,0.923,0.4809,Developing
DOC01332,West Bengal,Kolkata,Internal Medicine,73,0.553,Drug_D,0.378,0.105625,0.553,0.2943,Developing
DOC01333,Karnataka,Bengaluru,Endocrinologist,152,0.681,Drug_C,0.326,0.5220833333333333,0.681,0.5305,Growth
DOC01334,Tamil Nadu,Madurai,Endocrinologist,195,0.283,Drug_C,0.354,0.6845833333333333,0.283,0.498,Developing
DOC01335,Telangana,Hyderabad,Diabetologist,514,0.554,Drug_B,0.701,0.9866666666666667,0.554,0.7997,Strategic
DOC01336,Delhi NCR,Delhi,Internal Medicine,271,0.336,Drug_B,0.433,0.8458333333333333,0.336,0.6103,Growth
DOC01337,Maharashtra,Nashik,General Physician,128,0.386,Drug_D,0.288,0.39458333333333334,0.386,0.3707,Developing
DOC01338,Gujarat,Surat,Internal Medicine,85,0.688,Drug_D,0.346,0.15833333333333333,0.688,0.3548,Developing
DOC01339,Tamil Nadu,Madurai,Endocrinologist,111,0.693,Drug_B,0.506,0.3045833333333333,0.693,0.4614,Developing
DOC01340,Telangana,Hyderabad,Internal Medicine,101,0.565,Drug_C,0.248,0.24833333333333332,0.565,0.3433,Developing
DOC01341,West Bengal,Kolkata,Diabetologist,138,0.448,Drug_C,0.428,0.446875,0.448,0.4434,Developing
DOC01342,Maharashtra,Nagpur,Diabetologist,166,0.641,Drug_B,0.419,0.57875,0.641,0.5655,Growth
DOC01343,Maharashtra,Nashik,Endocrinologist,122,0.957,Drug_B,0.471,0.360625,0.957,0.5616,Growth
DOC01344,Maharashtra,Nashik,General Physician,236,0.816,Drug_D,0.668,0.7852083333333333,0.816,0.771,Strategic
DOC01345,Telangana,Hyderabad,Endocrinologist,99,0.426,Drug_B,0.325,0.23458333333333334,0.426,0.3101,Developing
DOC01346,West Bengal,Kolkata,Diabetologist,79,0.44,Drug_B,0.252,0.12958333333333333,0.44,0.2472,Low Opportunity
DOC01347,West Bengal,Kolkata,Diabetologist,110,0.569,Drug_C,0.424,0.2997916666666667,0.569,0.4054,Developing
DOC01348,Tamil Nadu,Chennai,Internal Medicine,172,0.19,Drug_D,0.293,0.605,0.19,0.4181,Developing
DOC01349,Tamil Nadu,Madurai,Endocrinologist,110,0.291,Drug_D,0.318,0.2997916666666667,0.291,0.3008,Developing
DOC01350,Karnataka,Mysuru,Cardiologist,234,0.289,Drug_D,0.396,0.7802083333333333,0.289,0.556,Growth
DOC01351,Telangana,Hyderabad,Internal Medicine,109,0.642,Drug_B,0.416,0.2939583333333333,0.642,0.4228,Developing
DOC01352,Delhi NCR,Gurugram,Endocrinologist,235,0.72,Drug_B,0.532,0.7827083333333333,0.72,0.7138,Growth
DOC01353,West Bengal,Siliguri,Endocrinologist,72,0.278,Drug_C,0.268,0.100625,0.278,0.1873,Low Opportunity
DOC01354,Maharashtra,Mumbai,Internal Medicine,103,0.55,Drug_B,0.497,0.25958333333333333,0.55,0.3942,Developing
DOC01355,Delhi NCR,Noida,Endocrinologist,54,0.775,Drug_B,0.268,0.042291666666666665,0.775,0.3072,Developing
DOC01356,Rajasthan,Udaipur,Internal Medicine,286,0.947,Drug_C,0.524,0.8660416666666667,0.947,0.8219,Strategic
DOC01357,Delhi NCR,Gurugram,Internal Medicine,130,0.454,Drug_B,0.381,0.40541666666666665,0.454,0.4151,Developing
DOC01358,Delhi NCR,Delhi,Diabetologist,156,0.498,Drug_B,0.517,0.5439583333333333,0.498,0.5248,Growth
DOC01359,Gujarat,Ahmedabad,Diabetologist,51,0.815,Drug_C,0.219,0.03270833333333333,0.815,0.3047,Developing
DOC01360,West Bengal,Kolkata,Endocrinologist,281,0.451,Drug_D,0.475,0.8591666666666666,0.451,0.6599,Growth
DOC01361,Tamil Nadu,Chennai,Internal Medicine,151,0.39,Drug_C,0.227,0.5175,0.39,0.4212,Developing
DOC01362,Delhi NCR,Delhi,Internal Medicine,131,0.704,Drug_D,0.496,0.410625,0.704,0.5157,Growth
DOC01363,West Bengal,Siliguri,Diabetologist,97,0.796,Drug_C,0.388,0.22145833333333334,0.796,0.4271,Developing
DOC01364,West Bengal,Siliguri,General Physician,294,0.515,Drug_D,0.651,0.8779166666666667,0.515,0.7237,Growth
DOC01365,Karnataka,Bengaluru,Cardiologist,107,0.941,Drug_B,0.5,0.2839583333333333,0.941,0.5243,Growth
DOC01366,Tamil Nadu,Madurai,Internal Medicine,186,0.581,Drug_C,0.446,0.653125,0.581,0.5901,Growth
DOC01367,Gujarat,Ahmedabad,General Physician,138,0.462,Drug_B,0.294,0.446875,0.462,0.4208,Developing
DOC01368,Telangana,Hyderabad,Internal Medicine,355,0.528,Drug_B,0.552,0.9272916666666666,0.528,0.7324,Growth
DOC01369,Karnataka,Mysuru,Endocrinologist,129,0.806,Drug_B,0.388,0.40020833333333333,0.806,0.5195,Growth
DOC01370,Tamil Nadu,Coimbatore,Endocrinologist,204,0.449,Drug_C,0.523,0.708125,0.449,0.5934,Growth
DOC01371,Tamil Nadu,Madurai,Cardiologist,146,0.743,Drug_D,0.423,0.49166666666666664,0.743,0.5533,Growth
DOC01372,West Bengal,Siliguri,Endocrinologist,122,0.714,Drug_B,0.369,0.360625,0.714,0.4683,Developing
DOC01373,Gujarat,Vadodara,General Physician,107,0.534,Drug_B,0.19,0.2839583333333333,0.534,0.3402,Developing
DOC01374,Telangana,Warangal,Internal Medicine,237,0.606,Drug_B,0.455,0.7872916666666666,0.606,0.6664,Growth
DOC01375,Delhi NCR,Gurugram,Diabetologist,199,0.369,Drug_D,0.36,0.6925,0.369,0.5289,Growth
DOC01376,West Bengal,Kolkata,Internal Medicine,100,0.785,Drug_B,0.453,0.24208333333333334,0.785,0.4471,Developing
DOC01377,Gujarat,Surat,General Physician,143,0.765,Drug_D,0.63,0.474375,0.765,0.5927,Growth
DOC01378,Telangana,Hyderabad,Diabetologist,454,0.393,Drug_D,0.566,0.973125,0.393,0.7177,Growth
DOC01379,Maharashtra,Nagpur,General Physician,138,0.737,Drug_B,0.458,0.446875,0.737,0.5361,Growth
DOC01380,Tamil Nadu,Madurai,Diabetologist,67,0.653,Drug_B,0.294,0.081875,0.653,0.2956,Developing
DOC01381,Delhi NCR,Noida,Internal Medicine,169,0.375,Drug_B,0.314,0.5925,0.375,0.4716,Developing
DOC01382,Telangana,Hyderabad,Internal Medicine,96,0.803,Drug_B,0.526,0.214375,0.803,0.4533,Developing
DOC01383,Tamil Nadu,Coimbatore,Internal Medicine,200,0.762,Drug_B,0.626,0.6952083333333333,0.762,0.7014,Growth
DOC01384,Rajasthan,Jodhpur,General Physician,50,0.569,Drug_D,0.292,0.015833333333333335,0.569,0.237,Low Opportunity
DOC01385,Rajasthan,Jodhpur,Cardiologist,190,0.498,Drug_B,0.408,0.6679166666666667,0.498,0.565,Growth
DOC01386,Telangana,Hyderabad,Endocrinologist,98,0.871,Drug_D,0.499,0.22791666666666666,0.871,0.4751,Developing
DOC01387,Telangana,Hyderabad,General Physician,102,0.728,Drug_D,0.399,0.25416666666666665,0.728,0.4253,Developing
DOC01388,Rajasthan,Jaipur,Cardiologist,179,0.84,Drug_D,0.501,0.6277083333333333,0.84,0.6661,Growth
DOC01389,Maharashtra,Mumbai,General Physician,120,0.234,Drug_B,0.386,0.3485416666666667,0.234,0.3217,Developing
DOC01390,Karnataka,Hubballi,Internal Medicine,51,0.602,Drug_B,0.366,0.03270833333333333,0.602,0.2702,Developing
DOC01391,West Bengal,Kolkata,Cardiologist,100,0.431,Drug_D,0.374,0.24208333333333334,0.431,0.3251,Developing
DOC01392,Gujarat,Vadodara,Diabetologist,170,0.855,Drug_C,0.495,0.5970833333333333,0.855,0.654,Growth
DOC01393,Tamil Nadu,Madurai,Internal Medicine,409,0.315,Drug_B,0.442,0.956875,0.315,0.6613,Growth
DOC01394,Tamil Nadu,Coimbatore,Internal Medicine,86,0.685,Drug_D,0.471,0.163125,0.685,0.3813,Developing
DOC01395,West Bengal,Siliguri,Diabetologist,428,0.414,Drug_D,0.528,0.965,0.414,0.7123,Growth
DOC01396,West Bengal,Siliguri,Diabetologist,297,0.776,Drug_B,0.668,0.8808333333333334,0.776,0.8068,Strategic
DOC01397,Telangana,Warangal,Internal Medicine,50,0.73,Drug_C,0.458,0.015833333333333335,0.73,0.3185,Developing
DOC01398,Delhi NCR,Gurugram,Internal Medicine,214,0.357,Drug_C,0.441,0.7302083333333333,0.357,0.5604,Growth
DOC01399,Gujarat,Vadodara,Diabetologist,140,0.6,Drug_C,0.376,0.45895833333333336,0.6,0.4847,Developing
DOC01400,Tamil Nadu,Madurai,Endocrinologist,145,0.584,Drug_B,0.474,0.4875,0.584,0.5137,Growth
DOC01401,Rajasthan,Udaipur,General Physician,260,0.567,Drug_D,0.45,0.83,0.567,0.6751,Growth
DOC01402,Delhi NCR,Noida,Diabetologist,210,0.455,Drug_B,0.375,0.7210416666666667,0.455,0.572,Growth
DOC01403,Karnataka,Bengaluru,Internal Medicine,172,0.915,Drug_B,0.575,0.605,0.915,0.692,Growth
DOC01404,Rajasthan,Udaipur,General Physician,256,0.856,Drug_C,0.625,0.8208333333333333,0.856,0.7922,Strategic
DOC01405,Tamil Nadu,Chennai,Internal Medicine,132,0.765,Drug_B,0.536,0.41625,0.765,0.5448,Growth
DOC01406,Rajasthan,Jodhpur,Endocrinologist,175,0.454,Drug_D,0.522,0.615,0.454,0.5481,Growth
DOC01407,Tamil Nadu,Coimbatore,General Physician,92,0.744,Drug_D,0.556,0.19354166666666667,0.744,0.4312,Developing
DOC01408,Karnataka,Hubballi,Internal Medicine,120,0.817,Drug_C,0.465,0.3485416666666667,0.817,0.5124,Growth
DOC01409,Delhi NCR,Noida,Internal Medicine,248,0.8,Drug_C,0.485,0.8079166666666666,0.8,0.741,Growth
DOC01410,Maharashtra,Nashik,General Physician,182,0.555,Drug_B,0.483,0.6395833333333333,0.555,0.5829,Growth
DOC01411,Tamil Nadu,Coimbatore,Cardiologist,139,0.884,Drug_B,0.505,0.45375,0.884,0.5931,Growth
DOC01412,Delhi NCR,Gurugram,Endocrinologist,163,0.489,Drug_C,0.419,0.5720833333333334,0.489,0.5165,Growth
DOC01413,Gujarat,Surat,General Physician,204,0.531,Drug_D,0.17,0.708125,0.531,0.5474,Growth
DOC01414,Rajasthan,Jaipur,Diabetologist,125,0.833,Drug_C,0.454,0.3779166666666667,0.833,0.5297,Growth
DOC01415,Maharashtra,Pune,Endocrinologist,305,0.947,Drug_B,0.628,0.8895833333333333,0.947,0.8545,Strategic
DOC01416,Delhi NCR,Delhi,General Physician,330,0.743,Drug_B,0.807,0.9095833333333333,0.743,0.8391,Strategic
DOC01417,Gujarat,Vadodara,Internal Medicine,350,0.843,Drug_D,0.754,0.92375,0.843,0.8656,Strategic
DOC01418,Tamil Nadu,Madurai,Internal Medicine,175,0.761,Drug_C,0.559,0.615,0.761,0.6476,Growth
DOC01419,Karnataka,Hubballi,Internal Medicine,242,0.789,Drug_C,0.449,0.7972916666666666,0.789,0.7251,Growth
DOC01420,Gujarat,Surat,Diabetologist,139,0.536,Drug_B,0.556,0.45375,0.536,0.4989,Developing
DOC01421,Tamil Nadu,Coimbatore,Internal Medicine,149,0.669,Drug_D,0.477,0.5058333333333334,0.669,0.549,Growth
DOC01422,Gujarat,Vadodara,Endocrinologist,187,0.68,Drug_C,0.389,0.6570833333333334,0.68,0.6103,Growth
DOC01423,Tamil Nadu,Coimbatore,Internal Medicine,184,0.129,Drug_B,0.296,0.648125,0.129,0.422,Developing
DOC01424,Rajasthan,Udaipur,Diabetologist,68,0.864,Drug_B,0.384,0.085,0.864,0.3785,Developing
DOC01425,West Bengal,Siliguri,Internal Medicine,85,0.639,Drug_B,0.385,0.15833333333333333,0.639,0.3479,Developing
DOC01426,Rajasthan,Udaipur,Cardiologist,505,0.595,Drug_D,0.738,0.9854166666666667,0.595,0.8188,Strategic
DOC01427,Maharashtra,Nagpur,Endocrinologist,87,0.503,Drug_B,0.308,0.16770833333333332,0.503,0.2964,Developing
DOC01428,West Bengal,Siliguri,Cardiologist,193,0.491,Drug_B,0.488,0.6783333333333333,0.491,0.5841,Growth
DOC01429,Delhi NCR,Noida,Internal Medicine,122,0.266,Drug_B,0.357,0.360625,0.266,0.3315,Developing
DOC01430,Tamil Nadu,Chennai,Internal Medicine,113,0.525,Drug_B,0.351,0.3120833333333333,0.525,0.3837,Developing
DOC01431,Telangana,Warangal,Internal Medicine,155,0.531,Drug_D,0.538,0.5375,0.531,0.5356,Growth
DOC01432,Rajasthan,Jaipur,General Physician,222,0.409,Drug_B,0.525,0.750625,0.409,0.603,Growth
DOC01433,West Bengal,Siliguri,Internal Medicine,50,0.883,Drug_C,0.384,0.015833333333333335,0.883,0.3496,Developing
DOC01434,Rajasthan,Jaipur,Diabetologist,50,0.376,Drug_B,0.327,0.015833333333333335,0.376,0.1861,Low Opportunity
DOC01435,West Bengal,Kolkata,Endocrinologist,159,0.273,Drug_B,0.31,0.5583333333333333,0.273,0.4231,Developing
DOC01436,Maharashtra,Nashik,Endocrinologist,57,0.406,Drug_C,0.328,0.050833333333333335,0.406,0.2128,Low Opportunity
DOC01437,Rajasthan,Udaipur,Internal Medicine,56,0.818,Drug_B,0.447,0.04729166666666667,0.818,0.3584,Developing
DOC01438,Tamil Nadu,Chennai,Internal Medicine,152,0.686,Drug_B,0.337,0.5220833333333333,0.686,0.5342,Growth
DOC01439,Gujarat,Vadodara,Endocrinologist,190,0.461,Drug_B,0.37,0.6679166666666667,0.461,0.5463,Growth
DOC01440,West Bengal,Kolkata,Internal Medicine,343,0.815,Drug_D,0.576,0.9189583333333333,0.815,0.8192,Strategic
DOC01441,Maharashtra,Nashik,General Physician,136,0.604,Drug_B,0.332,0.43875,0.604,0.467,Developing
DOC01442,Rajasthan,Jodhpur,Endocrinologist,93,0.095,Drug_D,0.315,0.19854166666666667,0.095,0.1908,Low Opportunity
DOC01443,Tamil Nadu,Madurai,Cardiologist,192,0.716,Drug_C,0.446,0.6747916666666667,0.716,0.6414,Growth
DOC01444,Maharashtra,Nashik,Internal Medicine,326,0.593,Drug_C,0.52,0.905625,0.593,0.7347,Growth
DOC01445,Rajasthan,Jaipur,Endocrinologist,79,0.372,Drug_C,0.371,0.12958333333333333,0.372,0.2506,Developing
DOC01446,Rajasthan,Jaipur,Cardiologist,130,0.397,Drug_B,0.419,0.40541666666666665,0.397,0.4056,Developing
DOC01447,Delhi NCR,Gurugram,Endocrinologist,194,0.546,Drug_C,0.496,0.68125,0.546,0.6036,Growth
DOC01448,Maharashtra,Mumbai,General Physician,129,0.494,Drug_C,0.351,0.40020833333333333,0.494,0.4185,Developing
DOC01449,Maharashtra,Mumbai,Cardiologist,61,0.51,Drug_B,0.295,0.06270833333333334,0.51,0.2434,Low Opportunity
DOC01450,Maharashtra,Pune,Endocrinologist,116,0.422,Drug_D,0.391,0.32666666666666666,0.422,0.3681,Developing
DOC01451,Telangana,Hyderabad,Internal Medicine,104,0.578,Drug_B,0.414,0.26625,0.578,0.3893,Developing
DOC01452,Karnataka,Bengaluru,Diabetologist,170,0.136,Drug_D,0.338,0.5970833333333333,0.136,0.4069,Developing
DOC01453,West Bengal,Siliguri,Internal Medicine,362,0.283,Drug_B,0.598,0.933125,0.283,0.6711,Growth
DOC01454,Maharashtra,Mumbai,Diabetologist,66,0.52,Drug_D,0.145,0.07833333333333334,0.52,0.2242,Low Opportunity
DOC01455,Rajasthan,Jaipur,General Physician,172,0.157,Drug_D,0.229,0.605,0.157,0.3954,Developing
DOC01456,Maharashtra,Mumbai,Internal Medicine,458,0.598,Drug_C,0.698,0.9745833333333334,0.598,0.8063,Strategic
DOC01457,Telangana,Hyderabad,Cardiologist,110,0.269,Drug_B,0.369,0.2997916666666667,0.269,0.3044,Developing
DOC01458,Tamil Nadu,Chennai,Endocrinologist,86,0.563,Drug_C,0.26,0.163125,0.563,0.3025,Developing
DOC01459,West Bengal,Kolkata,Endocrinologist,361,0.878,Drug_C,0.715,0.9310416666666667,0.878,0.8719,Strategic
DOC01460,Delhi NCR,Gurugram,Internal Medicine,232,0.826,Drug_C,0.654,0.7758333333333334,0.826,0.7665,Strategic
DOC01461,Telangana,Hyderabad,Cardiologist,50,0.334,Drug_B,0.343,0.015833333333333335,0.334,0.1767,Low Opportunity
DOC01462,Karnataka,Mysuru,General Physician,185,0.767,Drug_D,0.465,0.6504166666666666,0.767,0.6483,Growth
DOC01463,Tamil Nadu,Chennai,Diabetologist,112,0.363,Drug_B,0.505,0.30875,0.363,0.3643,Developing
DOC01464,Rajasthan,Jaipur,Diabetologist,192,0.813,Drug_B,0.502,0.6747916666666667,0.813,0.6817,Growth
DOC01465,Karnataka,Bengaluru,Internal Medicine,177,0.866,Drug_C,0.449,0.6204166666666666,0.866,0.6598,Growth
DOC01466,Karnataka,Hubballi,General Physician,141,0.919,Drug_D,0.445,0.46375,0.919,0.5966,Growth
DOC01467,Rajasthan,Jodhpur,Diabetologist,82,0.668,Drug_B,0.378,0.14583333333333334,0.668,0.3489,Developing
DOC01468,Rajasthan,Jodhpur,General Physician,134,0.471,Drug_C,0.401,0.428125,0.471,0.4356,Developing
DOC01469,Karnataka,Hubballi,General Physician,159,0.418,Drug_C,0.305,0.5583333333333333,0.418,0.4656,Developing
DOC01470,West Bengal,Kolkata,Endocrinologist,164,0.945,Drug_D,0.446,0.5752083333333333,0.945,0.6603,Growth
DOC01471,Gujarat,Surat,General Physician,322,0.497,Drug_B,0.542,0.9027083333333333,0.497,0.7089,Growth
DOC01472,Delhi NCR,Noida,Endocrinologist,271,0.176,Drug_B,0.562,0.8458333333333333,0.176,0.5881,Growth
DOC01473,Telangana,Warangal,Endocrinologist,104,0.649,Drug_B,0.312,0.26625,0.649,0.3902,Developing
DOC01474,Delhi NCR,Gurugram,General Physician,97,0.531,Drug_B,0.333,0.22145833333333334,0.531,0.3366,Developing
DOC01475,Delhi NCR,Gurugram,General Physician,202,0.727,Drug_D,0.536,0.705,0.727,0.6778,Growth
DOC01476,Rajasthan,Jodhpur,Diabetologist,277,0.863,Drug_B,0.513,0.8558333333333333,0.863,0.7894,Strategic
DOC01477,Tamil Nadu,Coimbatore,Endocrinologist,350,0.303,Drug_C,0.584,0.92375,0.303,0.6696,Growth
DOC01478,Karnataka,Bengaluru,General Physician,62,0.946,Drug_B,0.357,0.06625,0.946,0.3883,Developing
DOC01479,Karnataka,Hubballi,Endocrinologist,149,0.699,Drug_C,0.386,0.5058333333333334,0.699,0.5398,Growth
DOC01480,West Bengal,Kolkata,Internal Medicine,88,0.155,Drug_D,0.266,0.17145833333333332,0.155,0.1854,Low Opportunity
DOC01481,West Bengal,Siliguri,Endocrinologist,190,0.58,Drug_C,0.633,0.6679166666666667,0.58,0.6346,Growth
DOC01482,Gujarat,Ahmedabad,Endocrinologist,236,0.781,Drug_B,0.479,0.7852083333333333,0.781,0.7227,Growth
DOC01483,West Bengal,Siliguri,Endocrinologist,68,0.691,Drug_B,0.405,0.085,0.691,0.3308,Developing
DOC01484,Karnataka,Mysuru,Internal Medicine,503,0.338,Drug_B,0.578,0.9845833333333334,0.338,0.7093,Growth
DOC01485,Delhi NCR,Noida,General Physician,142,0.667,Drug_D,0.542,0.4685416666666667,0.667,0.5428,Growth
DOC01486,Gujarat,Surat,Diabetologist,74,0.693,Drug_C,0.349,0.10916666666666666,0.693,0.3323,Developing
DOC01487,West Bengal,Kolkata,Internal Medicine,257,0.751,Drug_B,0.687,0.8229166666666666,0.751,0.7742,Strategic
DOC01488,West Bengal,Kolkata,Internal Medicine,158,0.544,Drug_B,0.443,0.5525,0.544,0.528,Growth
DOC01489,Gujarat,Surat,Diabetologist,260,0.73,Drug_C,0.567,0.83,0.73,0.7474,Growth
DOC01490,Gujarat,Vadodara,General Physician,259,0.327,Drug_B,0.547,0.8270833333333333,0.327,0.621,Growth
DOC01491,Tamil Nadu,Chennai,Internal Medicine,125,0.447,Drug_D,0.532,0.3779166666666667,0.447,0.4295,Developing
DOC01492,Gujarat,Vadodara,Internal Medicine,389,0.606,Drug_D,0.535,0.9466666666666667,0.606,0.7621,Strategic
DOC01493,Karnataka,Hubballi,Diabetologist,391,0.386,Drug_B,0.539,0.948125,0.386,0.6977,Growth
DOC01494,Delhi NCR,Noida,Internal Medicine,169,0.712,Drug_D,0.454,0.5925,0.712,0.6006,Growth
DOC01495,West Bengal,Kolkata,Diabetologist,319,0.749,Drug_C,0.597,0.8995833333333333,0.749,0.7939,Strategic
DOC01496,Delhi NCR,Delhi,Internal Medicine,288,0.81,Drug_D,0.577,0.8683333333333333,0.81,0.7926,Strategic
DOC01497,West Bengal,Siliguri,Diabetologist,115,0.274,Drug_C,0.33,0.3202083333333333,0.274,0.3083,Developing
DOC01498,Maharashtra,Mumbai,Diabetologist,132,0.904,Drug_C,0.632,0.41625,0.904,0.6057,Growth
DOC01499,West Bengal,Kolkata,General Physician,153,0.903,Drug_B,0.497,0.5264583333333334,0.903,0.6335,Growth
DOC01500,Tamil Nadu,Madurai,General Physician,216,0.702,Drug_B,0.499,0.7370833333333333,0.702,0.6789,Growth
DOC01501,Tamil Nadu,Madurai,Internal Medicine,81,0.117,Drug_B,0.313,0.139375,0.117,0.1674,Low Opportunity
DOC01502,Maharashtra,Nagpur,General Physician,117,0.69,Drug_D,0.446,0.33145833333333335,0.69,0.4619,Developing
DOC01503,Rajasthan,Jodhpur,Internal Medicine,95,0.853,Drug_B,0.353,0.20833333333333334,0.853,0.4307,Developing
DOC01504,Tamil Nadu,Madurai,Internal Medicine,398,0.847,Drug_D,0.697,0.950625,0.847,0.8688,Strategic
DOC01505,Maharashtra,Nashik,Endocrinologist,89,0.375,Drug_B,0.408,0.17729166666666665,0.375,0.2827,Developing
DOC01506,Delhi NCR,Gurugram,Internal Medicine,219,0.506,Drug_B,0.491,0.7422916666666667,0.506,0.6211,Growth
DOC01507,Delhi NCR,Gurugram,Internal Medicine,82,0.508,Drug_B,0.294,0.14583333333333334,0.508,0.2841,Developing
DOC01508,Maharashtra,Nagpur,Cardiologist,102,0.332,Drug_D,0.442,0.25416666666666665,0.332,0.3151,Developing
DOC01509,Tamil Nadu,Madurai,Diabetologist,293,0.724,Drug_C,0.509,0.875,0.724,0.7565,Strategic
DOC01510,Karnataka,Hubballi,Internal Medicine,66,0.778,Drug_D,0.457,0.07833333333333334,0.778,0.364,Developing
DOC01511,Rajasthan,Jodhpur,Endocrinologist,104,0.243,Drug_C,0.395,0.26625,0.243,0.285,Developing
DOC01512,Delhi NCR,Delhi,Endocrinologist,65,0.193,Drug_B,0.201,0.07479166666666667,0.193,0.1355,Low Opportunity
DOC01513,Tamil Nadu,Madurai,Cardiologist,269,0.812,Drug_C,0.521,0.8427083333333333,0.812,0.7692,Strategic
DOC01514,Karnataka,Hubballi,Internal Medicine,119,0.461,Drug_B,0.544,0.34229166666666666,0.461,0.4182,Developing
DOC01515,Telangana,Hyderabad,Internal Medicine,128,0.563,Drug_C,0.45,0.39458333333333334,0.563,0.4562,Developing
DOC01516,Delhi NCR,Delhi,Internal Medicine,129,0.729,Drug_C,0.427,0.40020833333333333,0.729,0.5042,Growth
DOC01517,Karnataka,Mysuru,Endocrinologist,226,0.81,Drug_C,0.6,0.7633333333333333,0.81,0.7447,Growth
DOC01518,Maharashtra,Nagpur,Cardiologist,178,0.614,Drug_B,0.442,0.6235416666666667,0.614,0.5844,Growth
DOC01519,Maharashtra,Nashik,Diabetologist,232,0.558,Drug_B,0.4,0.7758333333333334,0.558,0.6353,Growth
DOC01520,Rajasthan,Jodhpur,Internal Medicine,159,0.833,Drug_B,0.401,0.5583333333333333,0.833,0.6093,Growth
DOC01521,Gujarat,Surat,Endocrinologist,78,0.871,Drug_D,0.319,0.12520833333333334,0.871,0.3877,Developing
DOC01522,West Bengal,Siliguri,Endocrinologist,167,0.32,Drug_B,0.327,0.583125,0.32,0.453,Developing
DOC01523,Gujarat,Vadodara,Endocrinologist,378,0.382,Drug_B,0.409,0.9414583333333333,0.382,0.6671,Growth
DOC01524,Rajasthan,Jodhpur,Endocrinologist,212,0.289,Drug_B,0.332,0.7258333333333333,0.289,0.516,Growth
DOC01525,Tamil Nadu,Chennai,Internal Medicine,91,0.29,Drug_C,0.334,0.18895833333333334,0.29,0.2483,Low Opportunity
DOC01526,Delhi NCR,Delhi,Endocrinologist,89,0.549,Drug_B,0.33,0.17729166666666665,0.549,0.3193,Developing
DOC01527,Maharashtra,Pune,Diabetologist,264,0.537,Drug_B,0.634,0.8354166666666667,0.537,0.7056,Growth
DOC01528,Karnataka,Mysuru,General Physician,72,0.445,Drug_C,0.187,0.100625,0.445,0.2212,Low Opportunity
DOC01529,Gujarat,Ahmedabad,Internal Medicine,122,0.596,Drug_B,0.426,0.360625,0.596,0.4443,Developing
DOC01530,Maharashtra,Pune,Diabetologist,123,0.25,Drug_D,0.394,0.3672916666666667,0.25,0.3374,Developing
DOC01531,Rajasthan,Jodhpur,Internal Medicine,108,0.864,Drug_B,0.527,0.2891666666666667,0.864,0.5092,Growth
DOC01532,Gujarat,Vadodara,Cardiologist,189,0.602,Drug_B,0.388,0.6635416666666667,0.602,0.59,Growth
DOC01533,Karnataka,Mysuru,Internal Medicine,50,0.647,Drug_B,0.368,0.015833333333333335,0.647,0.2756,Developing
DOC01534,West Bengal,Kolkata,Diabetologist,197,0.595,Drug_C,0.425,0.6902083333333333,0.595,0.6086,Growth
DOC01535,Rajasthan,Udaipur,Endocrinologist,50,0.762,Drug_C,0.497,0.015833333333333335,0.762,0.3359,Developing
DOC01536,Maharashtra,Mumbai,Internal Medicine,69,0.272,Drug_C,0.289,0.08875,0.272,0.1838,Low Opportunity
DOC01537,Delhi NCR,Noida,General Physician,92,0.731,Drug_D,0.46,0.19354166666666667,0.731,0.4081,Developing
DOC01538,Karnataka,Mysuru,Diabetologist,89,0.419,Drug_D,0.41,0.17729166666666665,0.419,0.2963,Developing
DOC01539,Karnataka,Mysuru,Diabetologist,135,0.352,Drug_C,0.344,0.43395833333333333,0.352,0.3914,Developing
DOC01540,Karnataka,Hubballi,Cardiologist,107,0.323,Drug_C,0.348,0.2839583333333333,0.323,0.3085,Developing
DOC01541,Maharashtra,Mumbai,Endocrinologist,155,0.83,Drug_B,0.437,0.5375,0.83,0.6052,Growth
DOC01542,Rajasthan,Jodhpur,Internal Medicine,116,0.357,Drug_B,0.267,0.32666666666666666,0.357,0.3238,Developing
DOC01543,Tamil Nadu,Madurai,Endocrinologist,218,0.572,Drug_C,0.525,0.7402083333333334,0.572,0.6467,Growth
DOC01544,Rajasthan,Jaipur,Internal Medicine,257,0.698,Drug_B,0.642,0.8229166666666666,0.698,0.7493,Growth
DOC01545,Rajasthan,Udaipur,Cardiologist,115,0.561,Drug_B,0.293,0.3202083333333333,0.561,0.387,Developing
DOC01546,Tamil Nadu,Coimbatore,Cardiologist,348,0.778,Drug_D,0.691,0.9225,0.778,0.8328,Strategic
DOC01547,Tamil Nadu,Madurai,Endocrinologist,140,0.446,Drug_B,0.423,0.45895833333333336,0.446,0.4479,Developing
DOC01548,Rajasthan,Udaipur,Endocrinologist,242,0.61,Drug_C,0.412,0.7972916666666666,0.61,0.664,Growth
DOC01549,Gujarat,Surat,Diabetologist,110,0.332,Drug_C,0.245,0.2997916666666667,0.332,0.2985,Developing
DOC01550,Telangana,Warangal,Diabetologist,234,0.643,Drug_B,0.574,0.7802083333333333,0.643,0.6978,Growth
DOC01551,Rajasthan,Udaipur,Cardiologist,50,0.27,Drug_C,0.153,0.015833333333333335,0.27,0.1195,Low Opportunity
DOC01552,Maharashtra,Mumbai,Diabetologist,351,0.634,Drug_D,0.531,0.9247916666666667,0.634,0.7588,Strategic
DOC01553,Tamil Nadu,Chennai,Endocrinologist,365,0.156,Drug_B,0.515,0.93625,0.156,0.6179,Growth
DOC01554,Maharashtra,Pune,General Physician,105,0.266,Drug_B,0.257,0.2735416666666667,0.266,0.268,Developing
DOC01555,Gujarat,Ahmedabad,Internal Medicine,130,0.311,Drug_B,0.47,0.40541666666666665,0.311,0.39,Developing
DOC01556,Delhi NCR,Noida,Diabetologist,93,0.543,Drug_C,0.36,0.19854166666666667,0.543,0.3342,Developing
DOC01557,Rajasthan,Jodhpur,Diabetologist,168,0.619,Drug_B,0.51,0.5883333333333334,0.619,0.5819,Growth
DOC01558,Delhi NCR,Delhi,Internal Medicine,109,0.45,Drug_D,0.353,0.2939583333333333,0.45,0.3526,Developing
DOC01559,Rajasthan,Jaipur,Diabetologist,97,0.698,Drug_B,0.44,0.22145833333333334,0.698,0.4081,Developing
DOC01560,Maharashtra,Nagpur,Internal Medicine,186,0.91,Drug_D,0.433,0.653125,0.91,0.6862,Growth
DOC01561,Maharashtra,Pune,Diabetologist,185,0.797,Drug_D,0.473,0.6504166666666666,0.797,0.6589,Growth
DOC01562,Karnataka,Mysuru,General Physician,285,0.232,Drug_B,0.427,0.8645833333333334,0.232,0.5873,Growth
DOC01563,Delhi NCR,Delhi,Endocrinologist,87,0.374,Drug_B,0.351,0.16770833333333332,0.374,0.2663,Developing
DOC01564,West Bengal,Kolkata,Endocrinologist,183,0.474,Drug_B,0.445,0.644375,0.474,0.5534,Growth
DOC01565,Delhi NCR,Delhi,General Physician,142,0.877,Drug_D,0.528,0.4685416666666667,0.877,0.603,Growth
DOC01566,Karnataka,Hubballi,General Physician,144,0.618,Drug_B,0.518,0.4814583333333333,0.618,0.5297,Growth
DOC01567,Gujarat,Surat,General Physician,426,0.556,Drug_C,0.835,0.96375,0.556,0.8157,Strategic
DOC01568,Maharashtra,Pune,General Physician,150,0.656,Drug_D,0.642,0.5116666666666667,0.656,0.581,Growth
DOC01569,Gujarat,Ahmedabad,Endocrinologist,109,0.247,Drug_B,0.206,0.2939583333333333,0.247,0.2623,Developing
DOC01570,Tamil Nadu,Coimbatore,Internal Medicine,137,0.659,Drug_C,0.393,0.44208333333333333,0.659,0.4973,Developing
DOC01571,Gujarat,Surat,General Physician,223,0.339,Drug_B,0.361,0.7552083333333334,0.339,0.5515,Growth
DOC01572,Rajasthan,Jaipur,Diabetologist,135,0.642,Drug_C,0.461,0.43395833333333333,0.642,0.5018,Growth
DOC01573,Rajasthan,Udaipur,Internal Medicine,257,0.642,Drug_C,0.504,0.8229166666666666,0.642,0.7049,Growth
DOC01574,Maharashtra,Mumbai,Internal Medicine,50,0.747,Drug_B,0.426,0.015833333333333335,0.747,0.3172,Developing
DOC01575,West Bengal,Kolkata,General Physician,100,0.385,Drug_C,0.328,0.24208333333333334,0.385,0.3021,Developing
DOC01576,Rajasthan,Jodhpur,General Physician,82,0.276,Drug_D,0.315,0.14583333333333334,0.276,0.2187,Low Opportunity
DOC01577,Maharashtra,Pune,Internal Medicine,347,0.505,Drug_C,0.58,0.9216666666666666,0.505,0.7283,Growth
DOC01578,Maharashtra,Mumbai,General Physician,134,0.543,Drug_C,0.28,0.428125,0.543,0.433,Developing
DOC01579,West Bengal,Kolkata,Endocrinologist,80,0.922,Drug_C,0.435,0.13458333333333333,0.922,0.4309,Developing
DOC01580,West Bengal,Siliguri,Cardiologist,240,0.595,Drug_D,0.605,0.7922916666666666,0.595,0.6956,Growth
DOC01581,Gujarat,Ahmedabad,Cardiologist,76,0.767,Drug_D,0.435,0.1175,0.767,0.3758,Developing
DOC01582,Telangana,Hyderabad,Endocrinologist,60,0.389,Drug_D,0.307,0.058958333333333335,0.389,0.2076,Low Opportunity
DOC01583,Maharashtra,Pune,Endocrinologist,134,0.956,Drug_C,0.453,0.428125,0.956,0.5915,Growth
DOC01584,Tamil Nadu,Coimbatore,General Physician,80,0.531,Drug_B,0.402,0.13458333333333333,0.531,0.307,Developing
DOC01585,Telangana,Hyderabad,Cardiologist,248,0.535,Drug_B,0.461,0.8079166666666666,0.535,0.6567,Growth
DOC01586,West Bengal,Siliguri,General Physician,100,0.941,Drug_B,0.365,0.24208333333333334,0.941,0.4763,Developing
DOC01587,Rajasthan,Jodhpur,Endocrinologist,105,0.359,Drug_C,0.342,0.2735416666666667,0.359,0.3129,Developing
DOC01588,Tamil Nadu,Madurai,Cardiologist,183,0.798,Drug_B,0.421,0.644375,0.798,0.6458,Growth
DOC01589,Maharashtra,Pune,Internal Medicine,56,0.74,Drug_C,0.477,0.04729166666666667,0.74,0.341,Developing
DOC01590,Maharashtra,Nagpur,Cardiologist,105,0.498,Drug_B,0.403,0.2735416666666667,0.498,0.3668,Developing
DOC01591,Tamil Nadu,Chennai,General Physician,84,0.338,Drug_D,0.232,0.154375,0.338,0.225,Low Opportunity
DOC01592,Karnataka,Bengaluru,Internal Medicine,80,0.561,Drug_B,0.504,0.13458333333333333,0.561,0.3364,Developing
DOC01593,Tamil Nadu,Coimbatore,Diabetologist,226,0.627,Drug_B,0.442,0.7633333333333333,0.627,0.6582,Growth
DOC01594,Telangana,Warangal,Internal Medicine,96,0.605,Drug_D,0.369,0.214375,0.605,0.3625,Developing
DOC01595,Karnataka,Bengaluru,Endocrinologist,138,0.674,Drug_C,0.362,0.446875,0.674,0.498,Developing
DOC01596,Rajasthan,Jodhpur,Endocrinologist,66,0.752,Drug_C,0.335,0.07833333333333334,0.752,0.3318,Developing
DOC01597,Tamil Nadu,Madurai,Diabetologist,137,0.262,Drug_C,0.22,0.44208333333333333,0.262,0.3436,Developing
DOC01598,Delhi NCR,Gurugram,General Physician,71,0.639,Drug_C,0.484,0.09645833333333333,0.639,0.3367,Developing
DOC01599,Karnataka,Hubballi,Cardiologist,121,0.54,Drug_D,0.327,0.35375,0.54,0.4043,Developing
DOC01600,Maharashtra,Nagpur,Diabetologist,141,0.723,Drug_B,0.374,0.46375,0.723,0.5236,Growth
DOC01601,Delhi NCR,Noida,Diabetologist,250,0.836,Drug_D,0.631,0.810625,0.836,0.7823,Strategic
DOC01602,Delhi NCR,Delhi,Cardiologist,365,0.555,Drug_D,0.637,0.93625,0.555,0.762,Strategic
DOC01603,Delhi NCR,Noida,Internal Medicine,297,0.371,Drug_B,0.417,0.8808333333333334,0.371,0.6351,Growth
DOC01604,Maharashtra,Mumbai,Internal Medicine,75,0.914,Drug_B,0.265,0.1125,0.914,0.3834,Developing
DOC01605,Maharashtra,Nashik,General Physician,102,0.891,Drug_B,0.469,0.25416666666666665,0.891,0.4882,Developing
DOC01606,Karnataka,Bengaluru,Diabetologist,69,0.695,Drug_B,0.414,0.08875,0.695,0.3357,Developing
DOC01607,Gujarat,Ahmedabad,Internal Medicine,102,0.438,Drug_B,0.407,0.25416666666666665,0.438,0.3399,Developing
DOC01608,West Bengal,Siliguri,Cardiologist,246,0.825,Drug_B,0.458,0.8052083333333333,0.825,0.7417,Growth
DOC01609,Rajasthan,Jodhpur,General Physician,157,0.731,Drug_D,0.45,0.549375,0.731,0.584,Growth
DOC01610,Karnataka,Hubballi,Diabetologist,99,0.588,Drug_B,0.5,0.23458333333333334,0.588,0.3937,Developing
DOC01611,West Bengal,Siliguri,Endocrinologist,200,0.671,Drug_C,0.378,0.6952083333333333,0.671,0.6245,Growth
DOC01612,Maharashtra,Mumbai,Diabetologist,275,0.58,Drug_C,0.575,0.8520833333333333,0.58,0.715,Growth
DOC01613,West Bengal,Siliguri,General Physician,129,0.636,Drug_B,0.352,0.40020833333333333,0.636,0.4613,Developing
DOC01614,Maharashtra,Pune,Internal Medicine,92,0.519,Drug_B,0.435,0.19354166666666667,0.519,0.3395,Developing
DOC01615,Rajasthan,Jodhpur,Internal Medicine,256,0.451,Drug_C,0.414,0.8208333333333333,0.451,0.6285,Growth
DOC01616,Maharashtra,Nagpur,Endocrinologist,261,0.369,Drug_B,0.303,0.8316666666666667,0.369,0.5871,Growth
DOC01617,West Bengal,Siliguri,Internal Medicine,260,0.772,Drug_C,0.585,0.83,0.772,0.7636,Strategic
DOC01618,Telangana,Hyderabad,Internal Medicine,113,0.448,Drug_C,0.354,0.3120833333333333,0.448,0.3612,Developing
DOC01619,Karnataka,Mysuru,General Physician,191,0.628,Drug_B,0.452,0.671875,0.628,0.6147,Growth
DOC01620,Delhi NCR,Delhi,General Physician,99,0.691,Drug_D,0.383,0.23458333333333334,0.691,0.4012,Developing
DOC01621,West Bengal,Siliguri,Internal Medicine,399,0.941,Drug_D,0.757,0.9516666666666667,0.941,0.9095,Strategic
DOC01622,Rajasthan,Jaipur,General Physician,141,0.593,Drug_B,0.506,0.46375,0.593,0.511,Growth
DOC01623,Karnataka,Hubballi,Internal Medicine,291,0.419,Drug_D,0.449,0.871875,0.419,0.6514,Growth
DOC01624,Maharashtra,Nagpur,General Physician,74,0.579,Drug_B,0.405,0.10916666666666666,0.579,0.3093,Developing
DOC01625,West Bengal,Siliguri,Cardiologist,166,0.692,Drug_D,0.391,0.57875,0.692,0.5752,Growth
DOC01626,Maharashtra,Nashik,Cardiologist,189,0.269,Drug_C,0.353,0.6635416666666667,0.269,0.4831,Developing
DOC01627,Maharashtra,Pune,Diabetologist,201,0.77,Drug_B,0.464,0.700625,0.77,0.6741,Growth
DOC01628,Karnataka,Mysuru,Internal Medicine,270,0.657,Drug_D,0.511,0.8439583333333334,0.657,0.7213,Growth
DOC01629,Delhi NCR,Noida,Cardiologist,233,0.848,Drug_D,0.538,0.7779166666666667,0.848,0.751,Strategic
DOC01630,Gujarat,Vadodara,Diabetologist,178,0.211,Drug_C,0.292,0.6235416666666667,0.211,0.4335,Developing
DOC01631,Tamil Nadu,Chennai,Endocrinologist,142,0.754,Drug_B,0.557,0.4685416666666667,0.754,0.5719,Growth
DOC01632,Rajasthan,Jaipur,Internal Medicine,50,0.431,Drug_C,0.267,0.015833333333333335,0.431,0.1906,Low Opportunity
DOC01633,Delhi NCR,Gurugram,Cardiologist,208,0.727,Drug_C,0.528,0.7154166666666667,0.727,0.6814,Growth
DOC01634,West Bengal,Siliguri,Diabetologist,140,0.78,Drug_C,0.412,0.45895833333333336,0.78,0.5459,Growth
DOC01635,Maharashtra,Nashik,Internal Medicine,178,0.598,Drug_C,0.46,0.6235416666666667,0.598,0.5832,Growth
DOC01636,West Bengal,Kolkata,Endocrinologist,192,0.838,Drug_D,0.336,0.6747916666666667,0.838,0.656,Growth
DOC01637,Delhi NCR,Gurugram,Diabetologist,50,0.454,Drug_C,0.198,0.015833333333333335,0.454,0.1837,Low Opportunity
DOC01638,Maharashtra,Pune,Diabetologist,142,0.584,Drug_D,0.363,0.4685416666666667,0.584,0.4821,Developing
DOC01639,Delhi NCR,Delhi,Diabetologist,184,0.657,Drug_C,0.538,0.648125,0.657,0.6288,Growth
DOC01640,Delhi NCR,Delhi,Internal Medicine,65,0.736,Drug_C,0.515,0.07479166666666667,0.736,0.3612,Developing
DOC01641,Delhi NCR,Noida,Endocrinologist,181,0.816,Drug_D,0.454,0.6352083333333334,0.816,0.6532,Growth
DOC01642,Maharashtra,Nagpur,General Physician,200,0.514,Drug_D,0.371,0.6952083333333333,0.514,0.576,Growth
DOC01643,West Bengal,Siliguri,Internal Medicine,179,0.82,Drug_C,0.402,0.6277083333333333,0.82,0.6403,Growth
DOC01644,Delhi NCR,Delhi,Endocrinologist,61,0.7,Drug_B,0.415,0.06270833333333334,0.7,0.3244,Developing
DOC01645,Maharashtra,Mumbai,Diabetologist,156,0.553,Drug_B,0.377,0.5439583333333333,0.553,0.5133,Growth
DOC01646,Karnataka,Bengaluru,Cardiologist,135,0.384,Drug_B,0.316,0.43395833333333333,0.384,0.3954,Developing
DOC01647,West Bengal,Kolkata,Diabetologist,113,0.542,Drug_B,0.213,0.3120833333333333,0.542,0.3612,Developing
DOC01648,Maharashtra,Nagpur,Internal Medicine,117,0.538,Drug_D,0.383,0.33145833333333335,0.538,0.4037,Developing
DOC01649,West Bengal,Siliguri,Endocrinologist,513,0.705,Drug_C,0.562,0.98625,0.705,0.817,Strategic
DOC01650,Karnataka,Bengaluru,Endocrinologist,112,0.903,Drug_C,0.272,0.30875,0.903,0.4797,Developing
DOC01651,Tamil Nadu,Coimbatore,Endocrinologist,294,0.762,Drug_B,0.459,0.8779166666666667,0.762,0.7594,Strategic
DOC01652,Maharashtra,Nashik,Internal Medicine,173,0.627,Drug_B,0.433,0.6095833333333334,0.627,0.5795,Growth
DOC01653,Gujarat,Surat,Cardiologist,52,0.89,Drug_C,0.485,0.034791666666666665,0.89,0.3814,Developing
DOC01654,Delhi NCR,Delhi,Diabetologist,61,0.202,Drug_B,0.268,0.06270833333333334,0.202,0.1456,Low Opportunity
DOC01655,Telangana,Hyderabad,Endocrinologist,133,0.494,Drug_D,0.451,0.421875,0.494,0.4493,Developing
DOC01656,Tamil Nadu,Coimbatore,General Physician,177,0.492,Drug_B,0.277,0.6204166666666666,0.492,0.5132,Growth
DOC01657,Maharashtra,Pune,General Physician,136,0.751,Drug_D,0.393,0.43875,0.751,0.5233,Growth
DOC01658,Delhi NCR,Noida,General Physician,61,0.516,Drug_B,0.409,0.06270833333333334,0.516,0.268,Developing
DOC01659,West Bengal,Kolkata,Diabetologist,300,0.608,Drug_D,0.507,0.883125,0.608,0.7254,Growth
DOC01660,Maharashtra,Nagpur,General Physician,362,0.619,Drug_D,0.589,0.933125,0.619,0.7701,Strategic
DOC01661,West Bengal,Kolkata,General Physician,187,0.473,Drug_C,0.394,0.6570833333333334,0.473,0.5492,Growth
DOC01662,Tamil Nadu,Coimbatore,Endocrinologist,116,0.64,Drug_C,0.435,0.32666666666666666,0.64,0.4423,Developing
DOC01663,Rajasthan,Udaipur,Endocrinologist,182,0.399,Drug_C,0.298,0.6395833333333333,0.399,0.4991,Developing
DOC01664,Telangana,Warangal,Diabetologist,517,0.484,Drug_C,0.806,0.9870833333333333,0.484,0.7999,Strategic
DOC01665,West Bengal,Kolkata,Diabetologist,146,0.256,Drug_C,0.352,0.49166666666666664,0.256,0.393,Developing
DOC01666,Maharashtra,Pune,General Physician,116,0.927,Drug_B,0.271,0.32666666666666666,0.927,0.4956,Developing
DOC01667,Delhi NCR,Delhi,General Physician,155,0.661,Drug_B,0.384,0.5375,0.661,0.5438,Growth
DOC01668,Rajasthan,Jodhpur,Diabetologist,142,0.317,Drug_B,0.134,0.4685416666666667,0.317,0.3562,Developing
DOC01669,Gujarat,Surat,Diabetologist,118,0.562,Drug_C,0.23,0.335625,0.562,0.3824,Developing
DOC01670,Gujarat,Ahmedabad,Diabetologist,300,0.743,Drug_C,0.597,0.883125,0.743,0.7839,Strategic
DOC01671,Maharashtra,Nagpur,Internal Medicine,133,0.406,Drug_B,0.382,0.421875,0.406,0.4091,Developing
DOC01672,West Bengal,Kolkata,Internal Medicine,93,0.595,Drug_C,0.402,0.19854166666666667,0.595,0.3582,Developing
DOC01673,Delhi NCR,Gurugram,Cardiologist,127,0.875,Drug_C,0.461,0.38979166666666665,0.875,0.5496,Growth
DOC01674,Tamil Nadu,Coimbatore,Endocrinologist,66,0.326,Drug_B,0.263,0.07833333333333334,0.326,0.1896,Low Opportunity
DOC01675,Gujarat,Vadodara,Internal Medicine,77,0.255,Drug_D,0.344,0.12208333333333334,0.255,0.2063,Low Opportunity
DOC01676,Maharashtra,Nagpur,Cardiologist,526,0.514,Drug_D,0.652,0.9875,0.514,0.7784,Strategic
DOC01677,Rajasthan,Udaipur,Internal Medicine,131,0.496,Drug_C,0.437,0.410625,0.496,0.4415,Developing
DOC01678,Maharashtra,Mumbai,Endocrinologist,181,0.639,Drug_B,0.47,0.6352083333333334,0.639,0.6033,Growth
DOC01679,Tamil Nadu,Chennai,Internal Medicine,123,0.271,Drug_C,0.258,0.3672916666666667,0.271,0.3165,Developing
DOC01680,Delhi NCR,Gurugram,Diabetologist,91,0.37,Drug_B,0.242,0.18895833333333334,0.37,0.2539,Developing
DOC01681,Rajasthan,Jodhpur,Internal Medicine,273,0.456,Drug_C,0.428,0.8489583333333334,0.456,0.6469,Growth
DOC01682,Rajasthan,Jodhpur,Internal Medicine,116,0.571,Drug_D,0.319,0.32666666666666666,0.571,0.3984,Developing
DOC01683,Karnataka,Bengaluru,Endocrinologist,271,0.411,Drug_B,0.561,0.8458333333333333,0.411,0.6584,Growth
DOC01684,Karnataka,Hubballi,Internal Medicine,108,0.542,Drug_B,0.31,0.2891666666666667,0.542,0.3692,Developing
DOC01685,Gujarat,Ahmedabad,Internal Medicine,230,0.646,Drug_D,0.466,0.7722916666666667,0.646,0.6731,Growth
DOC01686,West Bengal,Siliguri,General Physician,159,0.209,Drug_B,0.236,0.5583333333333333,0.209,0.3891,Developing
DOC01687,Maharashtra,Nagpur,Cardiologist,203,0.622,Drug_C,0.505,0.7066666666666667,0.622,0.6409,Growth
DOC01688,Karnataka,Mysuru,Internal Medicine,267,0.711,Drug_B,0.468,0.8397916666666667,0.711,0.7268,Growth
DOC01689,Rajasthan,Jodhpur,General Physician,139,0.865,Drug_D,0.497,0.45375,0.865,0.5858,Growth
DOC01690,Rajasthan,Jaipur,Cardiologist,264,0.599,Drug_B,0.624,0.8354166666666667,0.599,0.7222,Growth
DOC01691,Delhi NCR,Noida,Internal Medicine,74,0.352,Drug_D,0.233,0.10916666666666666,0.352,0.2068,Low Opportunity
DOC01692,Karnataka,Hubballi,Endocrinologist,150,0.525,Drug_C,0.575,0.5116666666666667,0.525,0.5283,Growth
DOC01693,Rajasthan,Udaipur,Diabetologist,142,0.457,Drug_C,0.442,0.4685416666666667,0.457,0.4598,Developing
DOC01694,Tamil Nadu,Madurai,General Physician,205,0.93,Drug_B,0.429,0.7097916666666667,0.93,0.7197,Growth
DOC01695,Rajasthan,Udaipur,Cardiologist,150,0.203,Drug_D,0.35,0.5116666666666667,0.203,0.3867,Developing
DOC01696,Tamil Nadu,Madurai,Endocrinologist,183,0.739,Drug_C,0.405,0.644375,0.739,0.6249,Growth
DOC01697,Rajasthan,Jodhpur,General Physician,168,0.689,Drug_D,0.474,0.5883333333333334,0.689,0.5957,Growth
DOC01698,Maharashtra,Nagpur,Cardiologist,129,0.749,Drug_D,0.499,0.40020833333333333,0.749,0.5246,Growth
DOC01699,Maharashtra,Nagpur,Internal Medicine,375,0.69,Drug_B,0.545,0.9397916666666667,0.69,0.7859,Strategic
DOC01700,Tamil Nadu,Chennai,Internal Medicine,185,0.63,Drug_C,0.522,0.6504166666666666,0.63,0.6186,Growth
DOC01701,Maharashtra,Mumbai,Cardiologist,136,0.704,Drug_B,0.379,0.43875,0.704,0.5064,Growth
DOC01702,Maharashtra,Mumbai,Cardiologist,272,0.768,Drug_C,0.377,0.8477083333333333,0.768,0.7297,Growth
DOC01703,Tamil Nadu,Madurai,Endocrinologist,115,0.816,Drug_D,0.487,0.3202083333333333,0.816,0.5023,Growth
DOC01704,Tamil Nadu,Chennai,Internal Medicine,66,0.67,Drug_C,0.269,0.07833333333333334,0.67,0.294,Developing
DOC01705,West Bengal,Siliguri,Endocrinologist,127,0.61,Drug_B,0.413,0.38979166666666665,0.61,0.4605,Developing
DOC01706,Karnataka,Bengaluru,Internal Medicine,104,0.273,Drug_B,0.387,0.26625,0.273,0.2924,Developing
DOC01707,Rajasthan,Jodhpur,General Physician,76,0.548,Drug_B,0.273,0.1175,0.548,0.2778,Developing
DOC01708,Rajasthan,Jaipur,Diabetologist,196,0.63,Drug_D,0.37,0.6879166666666666,0.63,0.607,Growth
DOC01709,Karnataka,Bengaluru,Diabetologist,122,0.465,Drug_B,0.391,0.360625,0.465,0.398,Developing
DOC01710,Telangana,Warangal,Endocrinologist,190,0.403,Drug_D,0.5,0.6679166666666667,0.403,0.5549,Growth
DOC01711,Karnataka,Bengaluru,General Physician,504,0.859,Drug_B,0.859,0.985,0.859,0.922,Strategic
DOC01712,Delhi NCR,Gurugram,General Physician,84,0.483,Drug_B,0.359,0.154375,0.483,0.2939,Developing
DOC01713,West Bengal,Siliguri,Diabetologist,359,0.219,Drug_C,0.5,0.9295833333333333,0.219,0.6305,Growth
DOC01714,Maharashtra,Pune,Cardiologist,119,0.307,Drug_C,0.415,0.34229166666666666,0.307,0.3462,Developing
DOC01715,Tamil Nadu,Madurai,General Physician,259,0.564,Drug_D,0.638,0.8270833333333333,0.564,0.7103,Growth
DOC01716,Karnataka,Bengaluru,Endocrinologist,316,0.77,Drug_D,0.672,0.8966666666666666,0.77,0.8137,Strategic
DOC01717,Tamil Nadu,Madurai,Internal Medicine,191,0.644,Drug_B,0.52,0.671875,0.644,0.6331,Growth
DOC01718,Maharashtra,Nashik,Internal Medicine,405,0.925,Drug_C,0.734,0.9541666666666667,0.925,0.9014,Strategic
DOC01719,Telangana,Hyderabad,General Physician,312,0.478,Drug_B,0.526,0.8929166666666667,0.478,0.6951,Growth
DOC01720,Tamil Nadu,Chennai,Internal Medicine,171,0.711,Drug_B,0.481,0.6010416666666667,0.711,0.61,Growth
DOC01721,Rajasthan,Jaipur,Endocrinologist,175,0.872,Drug_B,0.541,0.615,0.872,0.6773,Growth
DOC01722,West Bengal,Siliguri,Internal Medicine,241,0.224,Drug_B,0.528,0.794375,0.224,0.57,Growth
DOC01723,West Bengal,Kolkata,Diabetologist,133,0.137,Drug_D,0.269,0.421875,0.137,0.3058,Developing
DOC01724,Karnataka,Bengaluru,General Physician,64,0.599,Drug_C,0.392,0.07208333333333333,0.599,0.2941,Developing
DOC01725,Maharashtra,Mumbai,Internal Medicine,343,0.493,Drug_B,0.587,0.9189583333333333,0.493,0.7248,Growth
DOC01726,West Bengal,Kolkata,Internal Medicine,422,0.213,Drug_C,0.648,0.96125,0.213,0.6741,Growth
DOC01727,Gujarat,Ahmedabad,Internal Medicine,59,0.56,Drug_B,0.372,0.05625,0.56,0.2705,Developing
DOC01728,West Bengal,Siliguri,General Physician,138,0.754,Drug_C,0.401,0.446875,0.754,0.5298,Growth
DOC01729,Gujarat,Vadodara,Endocrinologist,222,0.484,Drug_B,0.362,0.750625,0.484,0.5929,Growth
DOC01730,Telangana,Hyderabad,Diabetologist,173,0.552,Drug_D,0.471,0.6095833333333334,0.552,0.5646,Growth
DOC01731,Gujarat,Ahmedabad,Endocrinologist,125,0.465,Drug_D,0.254,0.3779166666666667,0.465,0.3793,Developing
DOC01732,Rajasthan,Jaipur,General Physician,83,0.66,Drug_C,0.359,0.15104166666666666,0.66,0.3453,Developing
DOC01733,Telangana,Hyderabad,Diabetologist,464,0.892,Drug_B,0.726,0.97625,0.892,0.9009,Strategic
DOC01734,West Bengal,Kolkata,Internal Medicine,236,0.727,Drug_D,0.545,0.7852083333333333,0.727,0.7197,Growth
DOC01735,West Bengal,Kolkata,Internal Medicine,149,0.575,Drug_C,0.415,0.5058333333333334,0.575,0.5084,Growth
DOC01736,Karnataka,Hubballi,Internal Medicine,107,0.578,Drug_C,0.388,0.2839583333333333,0.578,0.393,Developing
DOC01737,Tamil Nadu,Coimbatore,Internal Medicine,187,0.748,Drug_B,0.43,0.6570833333333334,0.748,0.6389,Growth
DOC01738,West Bengal,Siliguri,Endocrinologist,190,0.632,Drug_B,0.357,0.6679166666666667,0.632,0.595,Growth
DOC01739,Delhi NCR,Noida,General Physician,201,0.825,Drug_C,0.465,0.700625,0.825,0.6908,Growth
DOC01740,West Bengal,Kolkata,Endocrinologist,177,0.284,Drug_C,0.338,0.6204166666666666,0.284,0.463,Developing
DOC01741,Tamil Nadu,Coimbatore,Endocrinologist,284,0.266,Drug_C,0.381,0.863125,0.266,0.5876,Growth
DOC01742,Karnataka,Hubballi,Internal Medicine,409,0.445,Drug_D,0.598,0.956875,0.445,0.7315,Growth
DOC01743,Karnataka,Mysuru,Internal Medicine,368,0.493,Drug_C,0.648,0.9379166666666666,0.493,0.7465,Growth
DOC01744,Maharashtra,Nagpur,General Physician,182,0.591,Drug_B,0.524,0.6395833333333333,0.591,0.6019,Growth
DOC01745,Gujarat,Vadodara,General Physician,50,0.765,Drug_B,0.494,0.015833333333333335,0.765,0.3362,Developing
DOC01746,Telangana,Hyderabad,General Physician,97,0.092,Drug_B,0.238,0.22145833333333334,0.092,0.1859,Low Opportunity
DOC01747,Rajasthan,Jodhpur,Diabetologist,86,0.824,Drug_D,0.425,0.163125,0.824,0.4138,Developing
DOC01748,Rajasthan,Jaipur,Diabetologist,148,0.248,Drug_B,0.293,0.500625,0.248,0.3833,Developing
DOC01749,Karnataka,Bengaluru,Internal Medicine,126,0.32,Drug_B,0.303,0.38458333333333333,0.32,0.3489,Developing
DOC01750,Tamil Nadu,Coimbatore,Cardiologist,184,0.742,Drug_C,0.558,0.648125,0.742,0.6583,Growth
DOC01751,West Bengal,Kolkata,Internal Medicine,121,0.213,Drug_C,0.237,0.35375,0.213,0.2882,Developing
DOC01752,Maharashtra,Mumbai,Internal Medicine,244,0.878,Drug_B,0.51,0.8014583333333334,0.878,0.7661,Strategic
DOC01753,Karnataka,Mysuru,Diabetologist,394,0.591,Drug_D,0.582,0.9495833333333333,0.591,0.7685,Strategic
DOC01754,Delhi NCR,Gurugram,Internal Medicine,241,0.81,Drug_B,0.663,0.794375,0.81,0.7728,Strategic
DOC01755,Telangana,Hyderabad,Diabetologist,346,0.388,Drug_C,0.505,0.9208333333333333,0.388,0.6778,Growth
DOC01756,Rajasthan,Jodhpur,Endocrinologist,97,0.554,Drug_D,0.299,0.22145833333333334,0.554,0.3367,Developing
DOC01757,Maharashtra,Pune,Endocrinologist,541,0.466,Drug_D,0.701,0.9891666666666666,0.466,0.7746,Strategic
DOC01758,Tamil Nadu,Coimbatore,Endocrinologist,113,0.378,Drug_B,0.452,0.3120833333333333,0.378,0.3598,Developing
DOC01759,Maharashtra,Nashik,Internal Medicine,71,0.4,Drug_D,0.293,0.09645833333333333,0.4,0.2268,Low Opportunity
DOC01760,Tamil Nadu,Madurai,Internal Medicine,281,0.659,Drug_D,0.625,0.8591666666666666,0.659,0.7523,Strategic
DOC01761,Maharashtra,Nagpur,Endocrinologist,287,0.618,Drug_B,0.581,0.8672916666666667,0.618,0.7352,Growth
DOC01762,Rajasthan,Udaipur,Endocrinologist,89,0.666,Drug_B,0.397,0.17729166666666665,0.666,0.3678,Developing
DOC01763,West Bengal,Siliguri,General Physician,88,0.579,Drug_B,0.32,0.17145833333333332,0.579,0.3234,Developing
DOC01764,Rajasthan,Jaipur,Diabetologist,177,0.791,Drug_C,0.637,0.6204166666666666,0.791,0.6749,Growth
DOC01765,Telangana,Warangal,General Physician,87,0.66,Drug_D,0.52,0.16770833333333332,0.66,0.3859,Developing
DOC01766,Karnataka,Mysuru,Endocrinologist,259,0.68,Drug_B,0.538,0.8270833333333333,0.68,0.7251,Growth
DOC01767,Gujarat,Ahmedabad,General Physician,187,0.362,Drug_C,0.497,0.6570833333333334,0.362,0.5365,Growth
DOC01768,Gujarat,Surat,Diabetologist,277,0.761,Drug_B,0.632,0.8558333333333333,0.761,0.7826,Strategic
DOC01769,Gujarat,Vadodara,Internal Medicine,109,0.481,Drug_C,0.243,0.2939583333333333,0.481,0.3399,Developing
DOC01770,West Bengal,Kolkata,Internal Medicine,136,0.683,Drug_D,0.343,0.43875,0.683,0.4929,Developing
DOC01771,Delhi NCR,Gurugram,Diabetologist,95,0.707,Drug_C,0.516,0.20833333333333334,0.707,0.4195,Developing
DOC01772,West Bengal,Kolkata,General Physician,118,0.439,Drug_D,0.338,0.335625,0.439,0.3671,Developing
DOC01773,Tamil Nadu,Chennai,General Physician,97,0.554,Drug_C,0.289,0.22145833333333334,0.554,0.3347,Developing
DOC01774,Delhi NCR,Delhi,Internal Medicine,68,0.818,Drug_B,0.42,0.085,0.818,0.3719,Developing
DOC01775,Telangana,Hyderabad,Cardiologist,402,0.908,Drug_B,0.747,0.9533333333333334,0.908,0.8985,Strategic
DOC01776,Rajasthan,Jaipur,Endocrinologist,70,0.847,Drug_B,0.425,0.09270833333333334,0.847,0.3855,Developing
DOC01777,Delhi NCR,Delhi,Cardiologist,221,0.438,Drug_D,0.438,0.7472916666666667,0.438,0.5926,Growth
DOC01778,Gujarat,Surat,General Physician,301,0.674,Drug_C,0.604,0.885,0.674,0.7655,Strategic
DOC01779,Gujarat,Surat,Diabetologist,116,0.394,Drug_B,0.311,0.32666666666666666,0.394,0.3437,Developing
DOC01780,Karnataka,Bengaluru,General Physician,157,0.96,Drug_B,0.522,0.549375,0.96,0.6671,Growth
DOC01781,Karnataka,Bengaluru,Internal Medicine,324,0.713,Drug_D,0.51,0.9035416666666667,0.713,0.7677,Strategic
DOC01782,Karnataka,Hubballi,Endocrinologist,106,0.823,Drug_D,0.49,0.2783333333333333,0.823,0.4841,Developing
DOC01783,West Bengal,Siliguri,General Physician,92,0.628,Drug_D,0.509,0.19354166666666667,0.628,0.387,Developing
DOC01784,Gujarat,Surat,General Physician,236,0.745,Drug_C,0.653,0.7852083333333333,0.745,0.7467,Growth
DOC01785,Gujarat,Surat,Internal Medicine,182,0.161,Drug_C,0.296,0.6395833333333333,0.161,0.4273,Developing
DOC01786,Delhi NCR,Noida,Endocrinologist,153,0.496,Drug_C,0.486,0.5264583333333334,0.496,0.5092,Growth
DOC01787,Gujarat,Surat,Internal Medicine,206,0.68,Drug_C,0.601,0.7114583333333333,0.68,0.6799,Growth
DOC01788,Karnataka,Hubballi,General Physician,167,0.963,Drug_D,0.43,0.583125,0.963,0.6665,Growth
DOC01789,Maharashtra,Mumbai,Cardiologist,402,0.543,Drug_D,0.583,0.9533333333333334,0.543,0.7562,Strategic
DOC01790,Gujarat,Surat,Internal Medicine,383,0.539,Drug_C,0.556,0.9441666666666667,0.539,0.745,Growth
DOC01791,Gujarat,Vadodara,Endocrinologist,140,0.322,Drug_B,0.347,0.45895833333333336,0.322,0.3955,Developing
DOC01792,Gujarat,Surat,Cardiologist,89,0.213,Drug_D,0.245,0.17729166666666665,0.213,0.2015,Low Opportunity
DOC01793,Delhi NCR,Noida,Cardiologist,89,0.642,Drug_D,0.445,0.17729166666666665,0.642,0.3702,Developing
DOC01794,Telangana,Hyderabad,General Physician,152,0.25,Drug_B,0.165,0.5220833333333333,0.25,0.369,Developing
DOC01795,Gujarat,Ahmedabad,Cardiologist,252,0.231,Drug_D,0.408,0.8160416666666667,0.231,0.5589,Growth
DOC01796,Gujarat,Ahmedabad,Internal Medicine,76,0.897,Drug_C,0.462,0.1175,0.897,0.4202,Developing
DOC01797,West Bengal,Siliguri,Endocrinologist,139,0.648,Drug_C,0.269,0.45375,0.648,0.4751,Developing
DOC01798,Rajasthan,Udaipur,Cardiologist,150,0.28,Drug_C,0.255,0.5116666666666667,0.28,0.3908,Developing
DOC01799,West Bengal,Kolkata,Internal Medicine,190,0.463,Drug_D,0.458,0.6679166666666667,0.463,0.5645,Growth
DOC01800,Karnataka,Mysuru,Endocrinologist,92,0.466,Drug_D,0.413,0.19354166666666667,0.466,0.3192,Developing
DOC01801,Rajasthan,Udaipur,Endocrinologist,72,0.4,Drug_B,0.283,0.100625,0.4,0.2269,Low Opportunity
DOC01802,Karnataka,Hubballi,Internal Medicine,538,0.725,Drug_B,0.83,0.98875,0.725,0.8779,Strategic
DOC01803,Tamil Nadu,Madurai,General Physician,250,0.336,Drug_D,0.448,0.810625,0.336,0.5957,Growth
DOC01804,Rajasthan,Udaipur,Internal Medicine,341,0.448,Drug_B,0.491,0.91625,0.448,0.6907,Growth
DOC01805,Tamil Nadu,Coimbatore,Diabetologist,130,0.873,Drug_C,0.634,0.40541666666666665,0.873,0.5914,Growth
DOC01806,Rajasthan,Jodhpur,Internal Medicine,209,0.732,Drug_B,0.479,0.718125,0.732,0.6745,Growth
DOC01807,Gujarat,Vadodara,Internal Medicine,151,0.123,Drug_C,0.316,0.5175,0.123,0.3588,Developing
DOC01808,Rajasthan,Jaipur,Endocrinologist,215,0.726,Drug_B,0.372,0.7339583333333334,0.726,0.6592,Growth
DOC01809,Maharashtra,Nagpur,Diabetologist,242,0.581,Drug_B,0.376,0.7972916666666666,0.581,0.6481,Growth
DOC01810,Gujarat,Ahmedabad,General Physician,270,0.851,Drug_C,0.611,0.8439583333333334,0.851,0.7995,Strategic
DOC01811,Gujarat,Ahmedabad,Internal Medicine,230,0.363,Drug_D,0.6,0.7722916666666667,0.363,0.615,Growth
DOC01812,Rajasthan,Udaipur,Internal Medicine,197,0.52,Drug_B,0.442,0.6902083333333333,0.52,0.5895,Growth
DOC01813,Tamil Nadu,Coimbatore,Diabetologist,188,0.665,Drug_B,0.474,0.660625,0.665,0.6246,Growth
DOC01814,Tamil Nadu,Coimbatore,Endocrinologist,154,0.517,Drug_C,0.512,0.531875,0.517,0.5234,Growth
DOC01815,Telangana,Hyderabad,Internal Medicine,290,0.68,Drug_B,0.441,0.8702083333333334,0.68,0.7273,Growth
DOC01816,Telangana,Warangal,Diabetologist,160,0.822,Drug_B,0.513,0.5645833333333333,0.822,0.6315,Growth
DOC01817,Delhi NCR,Gurugram,Endocrinologist,223,0.677,Drug_D,0.45,0.7552083333333334,0.677,0.6707,Growth
DOC01818,Gujarat,Surat,Internal Medicine,73,0.789,Drug_D,0.324,0.105625,0.789,0.3543,Developing
DOC01819,West Bengal,Kolkata,General Physician,167,0.35,Drug_C,0.5,0.583125,0.35,0.4966,Developing
DOC01820,Rajasthan,Jodhpur,Internal Medicine,107,0.721,Drug_B,0.548,0.2839583333333333,0.721,0.4679,Developing
DOC01821,Telangana,Hyderabad,General Physician,118,0.531,Drug_B,0.427,0.335625,0.531,0.4125,Developing
DOC01822,Delhi NCR,Noida,General Physician,94,0.561,Drug_C,0.342,0.203125,0.561,0.3383,Developing
DOC01823,Gujarat,Ahmedabad,Internal Medicine,217,0.73,Drug_B,0.48,0.73875,0.73,0.6844,Growth
DOC01824,Maharashtra,Nagpur,Endocrinologist,285,0.301,Drug_B,0.441,0.8645833333333334,0.301,0.6108,Growth
DOC01825,Gujarat,Ahmedabad,Cardiologist,206,0.683,Drug_B,0.49,0.7114583333333333,0.683,0.6586,Growth
DOC01826,West Bengal,Siliguri,Internal Medicine,197,0.804,Drug_B,0.528,0.6902083333333333,0.804,0.6919,Growth
DOC01827,Delhi NCR,Delhi,Endocrinologist,50,0.684,Drug_D,0.502,0.015833333333333335,0.684,0.3135,Developing
DOC01828,Tamil Nadu,Madurai,Internal Medicine,173,0.522,Drug_B,0.287,0.6095833333333334,0.522,0.5188,Growth
DOC01829,Delhi NCR,Gurugram,General Physician,111,0.421,Drug_B,0.292,0.3045833333333333,0.421,0.337,Developing
DOC01830,Karnataka,Bengaluru,General Physician,107,0.129,Drug_C,0.278,0.2839583333333333,0.129,0.2363,Low Opportunity
DOC01831,Tamil Nadu,Coimbatore,Internal Medicine,275,0.522,Drug_B,0.431,0.8520833333333333,0.522,0.6688,Growth
DOC01832,Maharashtra,Pune,Diabetologist,341,0.34,Drug_B,0.383,0.91625,0.34,0.6367,Growth
DOC01833,Gujarat,Surat,Diabetologist,112,0.916,Drug_D,0.262,0.30875,0.916,0.4816,Developing
DOC01834,Gujarat,Vadodara,Cardiologist,312,0.83,Drug_D,0.729,0.8929166666666667,0.83,0.8413,Strategic
DOC01835,Telangana,Warangal,Diabetologist,149,0.957,Drug_B,0.363,0.5058333333333334,0.957,0.6126,Growth
DOC01836,Karnataka,Bengaluru,Diabetologist,412,0.24,Drug_D,0.454,0.9583333333333334,0.24,0.642,Growth
DOC01837,Maharashtra,Mumbai,Internal Medicine,301,0.597,Drug_C,0.567,0.885,0.597,0.735,Growth
DOC01838,Gujarat,Vadodara,Endocrinologist,117,0.792,Drug_B,0.494,0.33145833333333335,0.792,0.5021,Growth
DOC01839,West Bengal,Kolkata,Diabetologist,76,0.521,Drug_C,0.483,0.1175,0.521,0.3116,Developing
DOC01840,Maharashtra,Pune,Diabetologist,188,0.688,Drug_B,0.504,0.660625,0.688,0.6375,Growth
DOC01841,Karnataka,Hubballi,Endocrinologist,387,0.553,Drug_B,0.729,0.94625,0.553,0.7848,Strategic
DOC01842,Delhi NCR,Delhi,Endocrinologist,302,0.361,Drug_B,0.447,0.8866666666666667,0.361,0.641,Growth
DOC01843,Telangana,Warangal,Cardiologist,181,0.493,Drug_C,0.4,0.6352083333333334,0.493,0.5455,Growth
DOC01844,Rajasthan,Udaipur,Diabetologist,377,0.295,Drug_B,0.575,0.9408333333333333,0.295,0.6739,Growth
DOC01845,Delhi NCR,Noida,Cardiologist,92,0.12,Drug_B,0.421,0.19354166666666667,0.12,0.217,Low Opportunity
DOC01846,Gujarat,Surat,Internal Medicine,423,0.814,Drug_C,0.704,0.961875,0.814,0.8659,Strategic
DOC01847,Telangana,Hyderabad,Endocrinologist,181,0.531,Drug_B,0.414,0.6352083333333334,0.531,0.5597,Growth
DOC01848,Rajasthan,Jodhpur,Internal Medicine,141,0.578,Drug_D,0.299,0.46375,0.578,0.4651,Developing
DOC01849,Karnataka,Hubballi,Diabetologist,167,0.631,Drug_D,0.522,0.583125,0.631,0.5853,Growth
DOC01850,Delhi NCR,Noida,Endocrinologist,212,0.352,Drug_D,0.418,0.7258333333333333,0.352,0.5521,Growth
DOC01851,Rajasthan,Jodhpur,Diabetologist,109,0.566,Drug_C,0.41,0.2939583333333333,0.566,0.3988,Developing
DOC01852,Delhi NCR,Noida,Diabetologist,379,0.659,Drug_D,0.632,0.9425,0.659,0.7954,Strategic
DOC01853,Tamil Nadu,Coimbatore,Cardiologist,232,0.719,Drug_C,0.633,0.7758333333333334,0.719,0.7302,Growth
DOC01854,West Bengal,Kolkata,Diabetologist,68,0.499,Drug_D,0.318,0.085,0.499,0.2558,Developing
DOC01855,Rajasthan,Udaipur,Internal Medicine,360,0.685,Drug_D,0.457,0.93,0.685,0.7619,Strategic
DOC01856,Maharashtra,Pune,Internal Medicine,168,0.643,Drug_C,0.451,0.5883333333333334,0.643,0.5773,Growth
DOC01857,Rajasthan,Udaipur,Diabetologist,160,0.736,Drug_B,0.557,0.5645833333333333,0.736,0.6145,Growth
DOC01858,Rajasthan,Jaipur,Endocrinologist,215,0.446,Drug_B,0.51,0.7339583333333334,0.446,0.6028,Growth
DOC01859,Rajasthan,Jaipur,General Physician,218,0.458,Drug_B,0.304,0.7402083333333334,0.458,0.5683,Growth
DOC01860,Telangana,Hyderabad,General Physician,202,0.692,Drug_B,0.542,0.705,0.692,0.6685,Growth
DOC01861,Telangana,Hyderabad,Endocrinologist,84,0.723,Drug_B,0.396,0.154375,0.723,0.3733,Developing
DOC01862,Gujarat,Surat,General Physician,365,0.342,Drug_B,0.586,0.93625,0.342,0.6879,Growth
DOC01863,Delhi NCR,Noida,Internal Medicine,112,0.747,Drug_B,0.471,0.30875,0.747,0.4727,Developing
DOC01864,Gujarat,Vadodara,Diabetologist,126,0.77,Drug_B,0.448,0.38458333333333333,0.77,0.5129,Growth
DOC01865,Gujarat,Ahmedabad,Internal Medicine,50,0.355,Drug_B,0.208,0.015833333333333335,0.355,0.156,Low Opportunity
DOC01866,Rajasthan,Jaipur,Diabetologist,124,0.744,Drug_C,0.358,0.3720833333333333,0.744,0.4808,Developing
DOC01867,Rajasthan,Jodhpur,Internal Medicine,122,0.736,Drug_C,0.457,0.360625,0.736,0.4925,Developing
DOC01868,West Bengal,Siliguri,Diabetologist,79,0.633,Drug_B,0.262,0.12958333333333333,0.633,0.3071,Developing
DOC01869,Karnataka,Mysuru,Diabetologist,214,0.354,Drug_D,0.335,0.7302083333333333,0.354,0.5383,Growth
DOC01870,Tamil Nadu,Madurai,Cardiologist,120,0.438,Drug_B,0.216,0.3485416666666667,0.438,0.3489,Developing
DOC01871,Rajasthan,Udaipur,Diabetologist,195,0.83,Drug_C,0.475,0.6845833333333333,0.83,0.6863,Growth
DOC01872,Maharashtra,Mumbai,Diabetologist,123,0.63,Drug_B,0.407,0.3672916666666667,0.63,0.454,Developing
DOC01873,Karnataka,Hubballi,Internal Medicine,172,0.683,Drug_D,0.468,0.605,0.683,0.601,Growth
DOC01874,Tamil Nadu,Madurai,Endocrinologist,111,0.768,Drug_C,0.459,0.3045833333333333,0.768,0.4745,Developing
DOC01875,Karnataka,Hubballi,General Physician,151,0.724,Drug_C,0.513,0.5175,0.724,0.5786,Growth
DOC01876,West Bengal,Kolkata,Diabetologist,125,0.381,Drug_D,0.371,0.3779166666666667,0.381,0.3775,Developing
DOC01877,Maharashtra,Nagpur,Internal Medicine,262,0.354,Drug_B,0.393,0.8325,0.354,0.601,Growth
DOC01878,Tamil Nadu,Coimbatore,General Physician,150,0.613,Drug_D,0.468,0.5116666666666667,0.613,0.5333,Growth
DOC01879,West Bengal,Kolkata,General Physician,175,0.483,Drug_B,0.422,0.615,0.483,0.5368,Growth
DOC01880,Rajasthan,Jaipur,Cardiologist,146,0.877,Drug_D,0.498,0.49166666666666664,0.877,0.6085,Growth
DOC01881,Delhi NCR,Delhi,Internal Medicine,104,0.879,Drug_B,0.565,0.26625,0.879,0.5098,Growth
DOC01882,Rajasthan,Jodhpur,Endocrinologist,61,0.529,Drug_B,0.305,0.06270833333333334,0.529,0.2511,Developing
DOC01883,Maharashtra,Pune,Diabetologist,241,0.553,Drug_D,0.394,0.794375,0.553,0.6419,Growth
DOC01884,Delhi NCR,Noida,Diabetologist,87,0.55,Drug_B,0.424,0.16770833333333332,0.55,0.3337,Developing
DOC01885,Tamil Nadu,Coimbatore,Endocrinologist,201,0.242,Drug_D,0.441,0.700625,0.242,0.5111,Growth
DOC01886,Delhi NCR,Noida,Cardiologist,151,0.946,Drug_B,0.406,0.5175,0.946,0.6238,Growth
DOC01887,Gujarat,Ahmedabad,Endocrinologist,178,0.642,Drug_B,0.392,0.6235416666666667,0.642,0.5828,Growth
DOC01888,Tamil Nadu,Chennai,General Physician,138,0.615,Drug_C,0.353,0.446875,0.615,0.4785,Developing
DOC01889,Tamil Nadu,Madurai,Diabetologist,155,0.558,Drug_C,0.385,0.5375,0.558,0.5132,Growth
DOC01890,Telangana,Warangal,Internal Medicine,147,0.438,Drug_C,0.287,0.495625,0.438,0.4366,Developing
DOC01891,Delhi NCR,Gurugram,Internal Medicine,206,0.884,Drug_B,0.607,0.7114583333333333,0.884,0.7423,Growth
DOC01892,Rajasthan,Jaipur,Cardiologist,384,0.591,Drug_D,0.447,0.945,0.591,0.7392,Growth
DOC01893,Tamil Nadu,Madurai,Diabetologist,240,0.717,Drug_D,0.519,0.7922916666666666,0.717,0.715,Growth
DOC01894,Maharashtra,Nashik,Internal Medicine,240,0.686,Drug_C,0.411,0.7922916666666666,0.686,0.6841,Growth
DOC01895,Tamil Nadu,Chennai,Endocrinologist,106,0.936,Drug_C,0.315,0.2783333333333333,0.936,0.483,Developing
DOC01896,Maharashtra,Mumbai,Internal Medicine,177,0.447,Drug_D,0.38,0.6204166666666666,0.447,0.5203,Growth
DOC01897,Telangana,Warangal,Cardiologist,100,0.559,Drug_B,0.272,0.24208333333333334,0.559,0.3431,Developing
DOC01898,Maharashtra,Nashik,Diabetologist,135,0.758,Drug_D,0.467,0.43395833333333333,0.758,0.5378,Growth
DOC01899,Maharashtra,Mumbai,Internal Medicine,162,0.873,Drug_B,0.589,0.5689583333333333,0.873,0.6642,Growth
DOC01900,Karnataka,Mysuru,Cardiologist,57,0.402,Drug_C,0.292,0.050833333333333335,0.402,0.2044,Low Opportunity
DOC01901,West Bengal,Kolkata,Endocrinologist,50,0.592,Drug_B,0.288,0.015833333333333335,0.592,0.2431,Low Opportunity
DOC01902,Gujarat,Vadodara,General Physician,77,0.817,Drug_B,0.478,0.12208333333333334,0.817,0.4017,Developing
DOC01903,Maharashtra,Nashik,General Physician,88,0.502,Drug_B,0.363,0.17145833333333332,0.502,0.3089,Developing
DOC01904,Karnataka,Hubballi,Internal Medicine,106,0.581,Drug_B,0.35,0.2783333333333333,0.581,0.3835,Developing
DOC01905,Maharashtra,Mumbai,Internal Medicine,82,0.479,Drug_C,0.288,0.14583333333333334,0.479,0.2742,Developing
DOC01906,Maharashtra,Mumbai,General Physician,565,0.72,Drug_C,0.82,0.9904166666666666,0.72,0.8752,Strategic
DOC01907,Tamil Nadu,Madurai,Internal Medicine,139,0.741,Drug_B,0.317,0.45375,0.741,0.5126,Growth
DOC01908,Rajasthan,Jodhpur,Diabetologist,111,0.798,Drug_C,0.492,0.3045833333333333,0.798,0.4901,Developing
DOC01909,Telangana,Hyderabad,Internal Medicine,95,0.255,Drug_B,0.398,0.20833333333333334,0.255,0.2603,Developing
DOC01910,Delhi NCR,Gurugram,Internal Medicine,137,0.315,Drug_B,0.432,0.44208333333333333,0.315,0.4019,Developing
DOC01911,Tamil Nadu,Coimbatore,General Physician,234,0.408,Drug_C,0.457,0.7802083333333333,0.408,0.6039,Growth
DOC01912,Tamil Nadu,Madurai,Diabetologist,74,0.815,Drug_B,0.325,0.10916666666666666,0.815,0.3641,Developing
DOC01913,Tamil Nadu,Madurai,Endocrinologist,251,0.531,Drug_B,0.576,0.81375,0.531,0.6814,Growth
DOC01914,Gujarat,Surat,Internal Medicine,225,0.487,Drug_D,0.46,0.7604166666666666,0.487,0.6183,Growth
DOC01915,Delhi NCR,Noida,Cardiologist,61,0.504,Drug_B,0.438,0.06270833333333334,0.504,0.2702,Developing
DOC01916,Tamil Nadu,Madurai,Diabetologist,247,0.703,Drug_C,0.568,0.8064583333333334,0.703,0.7277,Growth
DOC01917,Delhi NCR,Noida,Internal Medicine,107,0.61,Drug_C,0.434,0.2839583333333333,0.61,0.4118,Developing
DOC01918,Karnataka,Hubballi,Endocrinologist,89,0.323,Drug_C,0.338,0.17729166666666665,0.323,0.2531,Developing
DOC01919,West Bengal,Kolkata,Endocrinologist,469,0.731,Drug_C,0.679,0.9766666666666667,0.731,0.8434,Strategic
DOC01920,Tamil Nadu,Chennai,Diabetologist,78,0.758,Drug_D,0.407,0.12520833333333334,0.758,0.3714,Developing
DOC01921,Karnataka,Mysuru,Internal Medicine,175,0.477,Drug_D,0.567,0.615,0.477,0.564,Growth
DOC01922,West Bengal,Kolkata,Endocrinologist,99,0.474,Drug_C,0.351,0.23458333333333334,0.474,0.3297,Developing
DOC01923,Telangana,Warangal,Diabetologist,195,0.767,Drug_D,0.475,0.6845833333333333,0.767,0.6674,Growth
DOC01924,Telangana,Warangal,General Physician,53,0.29,Drug_B,0.173,0.038125,0.29,0.1407,Low Opportunity
DOC01925,Delhi NCR,Delhi,Internal Medicine,205,0.556,Drug_B,0.439,0.7097916666666667,0.556,0.6095,Growth
DOC01926,Karnataka,Hubballi,Internal Medicine,164,0.355,Drug_B,0.188,0.5752083333333333,0.355,0.4317,Developing
DOC01927,West Bengal,Kolkata,Cardiologist,115,0.73,Drug_B,0.532,0.3202083333333333,0.73,0.4855,Developing
DOC01928,Rajasthan,Jodhpur,Internal Medicine,153,0.502,Drug_C,0.465,0.5264583333333334,0.502,0.5068,Growth
DOC01929,Tamil Nadu,Madurai,General Physician,144,0.389,Drug_B,0.494,0.4814583333333333,0.389,0.4562,Developing
DOC01930,Delhi NCR,Gurugram,Internal Medicine,109,0.884,Drug_B,0.508,0.2939583333333333,0.884,0.5138,Growth
DOC01931,Gujarat,Ahmedabad,Diabetologist,247,0.733,Drug_C,0.521,0.8064583333333334,0.733,0.7273,Growth
DOC01932,Tamil Nadu,Coimbatore,General Physician,72,0.817,Drug_C,0.588,0.100625,0.817,0.413,Developing
DOC01933,West Bengal,Kolkata,General Physician,282,0.294,Drug_B,0.404,0.8610416666666667,0.294,0.5995,Growth
DOC01934,Karnataka,Hubballi,Internal Medicine,180,0.832,Drug_D,0.585,0.631875,0.832,0.6825,Growth
DOC01935,Delhi NCR,Noida,Internal Medicine,193,0.847,Drug_C,0.48,0.6783333333333333,0.847,0.6893,Growth
DOC01936,Maharashtra,Nagpur,Endocrinologist,459,0.539,Drug_B,0.72,0.9752083333333333,0.539,0.7933,Strategic
DOC01937,Tamil Nadu,Coimbatore,Internal Medicine,150,0.24,Drug_C,0.362,0.5116666666666667,0.24,0.4002,Developing
DOC01938,Maharashtra,Pune,Endocrinologist,502,0.25,Drug_B,0.593,0.9839583333333334,0.25,0.6856,Growth
DOC01939,Gujarat,Ahmedabad,General Physician,183,0.425,Drug_B,0.469,0.644375,0.425,0.5435,Growth
DOC01940,Tamil Nadu,Madurai,Internal Medicine,352,0.723,Drug_B,0.606,0.9258333333333333,0.723,0.801,Strategic
DOC01941,Maharashtra,Nagpur,Diabetologist,88,0.212,Drug_B,0.313,0.17145833333333332,0.212,0.2119,Low Opportunity
DOC01942,Maharashtra,Nagpur,Diabetologist,502,0.877,Drug_D,0.779,0.9839583333333334,0.877,0.9109,Strategic
DOC01943,West Bengal,Siliguri,General Physician,479,0.723,Drug_C,0.688,0.9789583333333334,0.723,0.844,Strategic
DOC01944,West Bengal,Siliguri,Endocrinologist,226,0.676,Drug_B,0.348,0.7633333333333333,0.676,0.6541,Growth
DOC01945,Maharashtra,Pune,Endocrinologist,96,0.502,Drug_B,0.256,0.214375,0.502,0.309,Developing
DOC01946,West Bengal,Kolkata,Diabetologist,167,0.64,Drug_B,0.648,0.583125,0.64,0.6132,Growth
DOC01947,Gujarat,Vadodara,Internal Medicine,205,0.459,Drug_B,0.415,0.7097916666666667,0.459,0.5756,Growth
DOC01948,Tamil Nadu,Madurai,Internal Medicine,210,0.669,Drug_C,0.524,0.7210416666666667,0.669,0.666,Growth
DOC01949,Telangana,Warangal,Endocrinologist,282,0.528,Drug_C,0.458,0.8610416666666667,0.528,0.6805,Growth
DOC01950,West Bengal,Kolkata,General Physician,232,0.761,Drug_B,0.533,0.7758333333333334,0.761,0.7228,Growth
DOC01951,Karnataka,Mysuru,Internal Medicine,210,0.646,Drug_D,0.516,0.7210416666666667,0.646,0.6575,Growth
DOC01952,Delhi NCR,Noida,Endocrinologist,207,0.41,Drug_D,0.485,0.713125,0.41,0.5766,Growth
DOC01953,Maharashtra,Nashik,General Physician,123,0.053,Drug_B,0.199,0.3672916666666667,0.053,0.2393,Low Opportunity
DOC01954,Tamil Nadu,Madurai,Endocrinologist,100,0.479,Drug_D,0.408,0.24208333333333334,0.479,0.3463,Developing
DOC01955,Telangana,Warangal,Internal Medicine,140,0.792,Drug_B,0.307,0.45895833333333336,0.792,0.5285,Growth
DOC01956,Delhi NCR,Delhi,Endocrinologist,351,0.091,Drug_B,0.439,0.9247916666666667,0.091,0.5775,Growth
DOC01957,West Bengal,Siliguri,Endocrinologist,234,0.799,Drug_C,0.58,0.7802083333333333,0.799,0.7458,Growth
DOC01958,Maharashtra,Pune,Cardiologist,67,0.373,Drug_B,0.276,0.081875,0.373,0.208,Low Opportunity
DOC01959,Delhi NCR,Delhi,Diabetologist,175,0.534,Drug_B,0.428,0.615,0.534,0.5533,Growth
DOC01960,Rajasthan,Jodhpur,Endocrinologist,232,0.787,Drug_C,0.632,0.7758333333333334,0.787,0.7504,Strategic
DOC01961,Tamil Nadu,Chennai,Diabetologist,223,0.374,Drug_B,0.387,0.7552083333333334,0.374,0.5672,Growth
DOC01962,Delhi NCR,Delhi,Diabetologist,209,0.45,Drug_B,0.295,0.718125,0.45,0.5531,Growth
DOC01963,Tamil Nadu,Chennai,Diabetologist,81,0.325,Drug_D,0.329,0.139375,0.325,0.233,Low Opportunity
DOC01964,Maharashtra,Nagpur,Internal Medicine,123,0.846,Drug_D,0.379,0.3672916666666667,0.846,0.5132,Growth
DOC01965,Delhi NCR,Noida,Endocrinologist,348,0.374,Drug_B,0.51,0.9225,0.374,0.6754,Growth
DOC01966,Rajasthan,Udaipur,General Physician,183,0.522,Drug_B,0.5,0.644375,0.522,0.5788,Growth
DOC01967,Rajasthan,Udaipur,Cardiologist,480,0.517,Drug_D,0.457,0.9797916666666666,0.517,0.7364,Growth
DOC01968,Telangana,Hyderabad,Internal Medicine,188,0.663,Drug_B,0.437,0.660625,0.663,0.6166,Growth
DOC01969,Tamil Nadu,Coimbatore,Diabetologist,245,0.206,Drug_B,0.444,0.8035416666666667,0.206,0.5524,Growth
DOC01970,West Bengal,Kolkata,Internal Medicine,256,0.728,Drug_D,0.621,0.8208333333333333,0.728,0.753,Strategic
DOC01971,Maharashtra,Nagpur,Cardiologist,128,0.739,Drug_C,0.486,0.39458333333333334,0.739,0.5162,Growth
DOC01972,Gujarat,Surat,Diabetologist,144,0.529,Drug_C,0.462,0.4814583333333333,0.529,0.4918,Developing
DOC01973,Maharashtra,Pune,Endocrinologist,68,0.72,Drug_D,0.453,0.085,0.72,0.3491,Developing
DOC01974,Maharashtra,Mumbai,General Physician,193,0.785,Drug_B,0.479,0.6783333333333333,0.785,0.6705,Growth
DOC01975,Maharashtra,Nagpur,General Physician,111,0.385,Drug_C,0.34,0.3045833333333333,0.385,0.3358,Developing
DOC01976,Telangana,Warangal,General Physician,132,0.658,Drug_C,0.451,0.41625,0.658,0.4957,Developing
DOC01977,Karnataka,Mysuru,Cardiologist,119,0.403,Drug_D,0.295,0.34229166666666666,0.403,0.351,Developing
DOC01978,Telangana,Hyderabad,Endocrinologist,300,0.717,Drug_D,0.481,0.883125,0.717,0.7529,Strategic
DOC01979,Karnataka,Hubballi,Endocrinologist,268,0.513,Drug_D,0.605,0.8410416666666667,0.513,0.6954,Growth
DOC01980,Delhi NCR,Gurugram,General Physician,167,0.276,Drug_B,0.231,0.583125,0.276,0.4206,Developing
DOC01981,Tamil Nadu,Coimbatore,Diabetologist,215,0.881,Drug_C,0.649,0.7339583333333334,0.881,0.7611,Strategic
DOC01982,Maharashtra,Mumbai,Diabetologist,64,0.585,Drug_D,0.278,0.07208333333333333,0.585,0.2671,Developing
DOC01983,Gujarat,Surat,Internal Medicine,160,0.923,Drug_B,0.537,0.5645833333333333,0.923,0.6666,Growth
DOC01984,Rajasthan,Jaipur,Internal Medicine,96,0.452,Drug_B,0.294,0.214375,0.452,0.3016,Developing
DOC01985,Maharashtra,Nagpur,Diabetologist,141,0.461,Drug_B,0.417,0.46375,0.461,0.4536,Developing
DOC01986,Karnataka,Bengaluru,Cardiologist,102,0.649,Drug_C,0.418,0.25416666666666665,0.649,0.4054,Developing
DOC01987,Tamil Nadu,Madurai,General Physician,189,0.4,Drug_B,0.346,0.6635416666666667,0.4,0.521,Growth
DOC01988,Maharashtra,Nagpur,Internal Medicine,145,0.816,Drug_B,0.415,0.4875,0.816,0.5715,Growth
DOC01989,West Bengal,Kolkata,Diabetologist,156,0.271,Drug_C,0.462,0.5439583333333333,0.271,0.4457,Developing
DOC01990,Maharashtra,Nagpur,Internal Medicine,182,0.523,Drug_B,0.341,0.6395833333333333,0.523,0.5449,Growth
DOC01991,Karnataka,Bengaluru,Internal Medicine,259,0.279,Drug_C,0.621,0.8270833333333333,0.279,0.6214,Growth
DOC01992,Delhi NCR,Gurugram,Diabetologist,727,0.798,Drug_B,0.934,0.9979166666666667,0.798,0.9252,Strategic
DOC01993,West Bengal,Siliguri,Cardiologist,93,0.759,Drug_D,0.484,0.19854166666666667,0.759,0.4238,Developing
DOC01994,Gujarat,Vadodara,General Physician,161,0.856,Drug_D,0.554,0.5672916666666666,0.856,0.6512,Growth
DOC01995,Delhi NCR,Gurugram,Diabetologist,131,0.591,Drug_B,0.438,0.410625,0.591,0.4702,Developing
DOC01996,Tamil Nadu,Coimbatore,General Physician,72,0.622,Drug_B,0.468,0.100625,0.622,0.3305,Developing
DOC01997,Telangana,Warangal,Cardiologist,139,0.45,Drug_D,0.563,0.45375,0.45,0.4745,Developing
DOC01998,West Bengal,Siliguri,Diabetologist,122,0.937,Drug_B,0.37,0.360625,0.937,0.5354,Growth
DOC01999,Telangana,Warangal,Internal Medicine,141,0.637,Drug_C,0.498,0.46375,0.637,0.5226,Growth
DOC02000,Maharashtra,Nashik,Diabetologist,192,0.413,Drug_D,0.338,0.6747916666666667,0.413,0.5289,Growth
DOC02001,Telangana,Hyderabad,Internal Medicine,181,0.512,Drug_D,0.335,0.6352083333333334,0.512,0.5382,Growth
DOC02002,Tamil Nadu,Madurai,Cardiologist,399,0.487,Drug_B,0.377,0.9516666666666667,0.487,0.6973,Growth
DOC02003,West Bengal,Siliguri,General Physician,132,0.321,Drug_D,0.455,0.41625,0.321,0.3954,Developing
DOC02004,Tamil Nadu,Chennai,Endocrinologist,379,0.388,Drug_D,0.529,0.9425,0.388,0.6934,Growth
DOC02005,Maharashtra,Mumbai,General Physician,290,0.669,Drug_D,0.483,0.8702083333333334,0.669,0.7324,Growth
DOC02006,Maharashtra,Mumbai,Diabetologist,107,0.839,Drug_D,0.329,0.2839583333333333,0.839,0.4595,Developing
DOC02007,Tamil Nadu,Chennai,Cardiologist,50,0.895,Drug_D,0.351,0.015833333333333335,0.895,0.3466,Developing
DOC02008,Karnataka,Mysuru,Cardiologist,311,0.816,Drug_C,0.502,0.8920833333333333,0.816,0.7912,Strategic
DOC02009,Rajasthan,Jodhpur,Cardiologist,155,0.728,Drug_C,0.53,0.5375,0.728,0.5932,Growth
DOC02010,Karnataka,Hubballi,Internal Medicine,96,0.485,Drug_C,0.262,0.214375,0.485,0.3051,Developing
DOC02011,Delhi NCR,Delhi,Endocrinologist,99,0.792,Drug_D,0.404,0.23458333333333334,0.792,0.4357,Developing
DOC02012,Maharashtra,Nagpur,General Physician,119,0.266,Drug_C,0.36,0.34229166666666666,0.266,0.3229,Developing
DOC02013,Maharashtra,Pune,General Physician,294,0.513,Drug_C,0.507,0.8779166666666667,0.513,0.6943,Growth
DOC02014,West Bengal,Kolkata,Diabetologist,119,0.953,Drug_C,0.454,0.34229166666666666,0.953,0.5478,Growth
DOC02015,Karnataka,Hubballi,General Physician,153,0.244,Drug_B,0.446,0.5264583333333334,0.244,0.4256,Developing
DOC02016,West Bengal,Siliguri,Endocrinologist,95,0.719,Drug_B,0.436,0.20833333333333334,0.719,0.4071,Developing
DOC02017,Tamil Nadu,Chennai,Internal Medicine,104,0.28,Drug_D,0.334,0.26625,0.28,0.2839,Developing
DOC02018,Rajasthan,Jaipur,General Physician,234,0.396,Drug_C,0.37,0.7802083333333333,0.396,0.5829,Growth
DOC02019,Delhi NCR,Gurugram,Diabetologist,89,0.925,Drug_B,0.495,0.17729166666666665,0.925,0.4651,Developing
DOC02020,Telangana,Hyderabad,Internal Medicine,120,0.276,Drug_B,0.359,0.3485416666666667,0.276,0.3289,Developing
DOC02021,Gujarat,Ahmedabad,General Physician,99,0.467,Drug_B,0.197,0.23458333333333334,0.467,0.2968,Developing
DOC02022,Gujarat,Vadodara,Endocrinologist,244,0.606,Drug_C,0.444,0.8014583333333334,0.606,0.6713,Growth
DOC02023,Telangana,Warangal,Cardiologist,62,0.263,Drug_B,0.211,0.06625,0.263,0.1542,Low Opportunity
DOC02024,Gujarat,Ahmedabad,Endocrinologist,301,0.581,Drug_D,0.639,0.885,0.581,0.7446,Growth
DOC02025,Tamil Nadu,Coimbatore,Endocrinologist,342,0.666,Drug_B,0.601,0.9177083333333333,0.666,0.7789,Strategic
DOC02026,Maharashtra,Mumbai,Internal Medicine,454,0.541,Drug_B,0.791,0.973125,0.541,0.8071,Strategic
DOC02027,Tamil Nadu,Madurai,Endocrinologist,267,0.072,Drug_C,0.487,0.8397916666666667,0.072,0.5389,Growth
DOC02028,Maharashtra,Pune,General Physician,246,0.729,Drug_D,0.53,0.8052083333333333,0.729,0.7273,Growth
DOC02029,West Bengal,Kolkata,Endocrinologist,192,0.679,Drug_B,0.549,0.6747916666666667,0.679,0.6509,Growth
DOC02030,Rajasthan,Jaipur,Internal Medicine,104,0.453,Drug_D,0.33,0.26625,0.453,0.335,Developing
DOC02031,Maharashtra,Pune,Endocrinologist,317,0.814,Drug_C,0.449,0.8979166666666667,0.814,0.783,Strategic
DOC02032,Delhi NCR,Noida,General Physician,126,0.867,Drug_B,0.435,0.38458333333333333,0.867,0.5394,Growth
DOC02033,West Bengal,Siliguri,General Physician,239,0.444,Drug_C,0.44,0.7902083333333333,0.444,0.6163,Growth
DOC02034,Rajasthan,Udaipur,General Physician,219,0.235,Drug_B,0.368,0.7422916666666667,0.235,0.5152,Growth
DOC02035,Gujarat,Ahmedabad,General Physician,121,0.705,Drug_B,0.48,0.35375,0.705,0.4844,Developing
DOC02036,Tamil Nadu,Madurai,Internal Medicine,61,0.461,Drug_C,0.417,0.06270833333333334,0.461,0.2531,Developing
DOC02037,Maharashtra,Nagpur,Internal Medicine,315,0.43,Drug_B,0.563,0.895625,0.43,0.6894,Growth
DOC02038,Rajasthan,Jaipur,Diabetologist,180,0.599,Drug_B,0.511,0.631875,0.599,0.5978,Growth
DOC02039,West Bengal,Kolkata,Diabetologist,219,0.601,Drug_B,0.57,0.7422916666666667,0.601,0.6654,Growth
DOC02040,Telangana,Hyderabad,General Physician,150,0.446,Drug_B,0.322,0.5116666666666667,0.446,0.454,Developing
DOC02041,West Bengal,Kolkata,Internal Medicine,90,0.501,Drug_D,0.383,0.184375,0.501,0.3191,Developing
DOC02042,Gujarat,Ahmedabad,General Physician,152,0.466,Drug_B,0.461,0.5220833333333333,0.466,0.493,Developing
DOC02043,Rajasthan,Jaipur,Cardiologist,294,0.31,Drug_D,0.291,0.8779166666666667,0.31,0.5902,Growth
DOC02044,Maharashtra,Mumbai,Diabetologist,50,0.508,Drug_C,0.297,0.015833333333333335,0.508,0.2197,Low Opportunity
DOC02045,Maharashtra,Nashik,General Physician,132,0.757,Drug_C,0.478,0.41625,0.757,0.5308,Growth
DOC02046,West Bengal,Kolkata,Endocrinologist,58,0.465,Drug_C,0.346,0.05395833333333333,0.465,0.2357,Low Opportunity
DOC02047,Tamil Nadu,Madurai,Diabetologist,89,0.404,Drug_C,0.256,0.17729166666666665,0.404,0.261,Developing
DOC02048,Karnataka,Bengaluru,Endocrinologist,446,0.63,Drug_B,0.706,0.9704166666666667,0.63,0.8154,Strategic
DOC02049,Rajasthan,Jaipur,General Physician,163,0.815,Drug_D,0.417,0.5720833333333334,0.815,0.6139,Growth
DOC02050,Maharashtra,Pune,Cardiologist,185,0.812,Drug_C,0.535,0.6504166666666666,0.812,0.6758,Growth
DOC02051,Rajasthan,Jaipur,Internal Medicine,264,0.749,Drug_C,0.469,0.8354166666666667,0.749,0.7362,Growth
DOC02052,Rajasthan,Jodhpur,Endocrinologist,143,0.566,Drug_C,0.492,0.474375,0.566,0.5054,Growth
DOC02053,Rajasthan,Jodhpur,Cardiologist,408,0.863,Drug_D,0.613,0.9558333333333333,0.863,0.8594,Strategic
DOC02054,Telangana,Hyderabad,Internal Medicine,122,0.785,Drug_B,0.531,0.360625,0.785,0.522,Growth
DOC02055,West Bengal,Kolkata,Diabetologist,109,0.825,Drug_D,0.469,0.2939583333333333,0.825,0.4883,Developing
DOC02056,West Bengal,Siliguri,General Physician,528,0.598,Drug_B,0.719,0.9879166666666667,0.598,0.8172,Strategic
DOC02057,West Bengal,Kolkata,Diabetologist,176,0.453,Drug_B,0.444,0.6179166666666667,0.453,0.5337,Growth
DOC02058,Maharashtra,Nashik,Diabetologist,50,0.55,Drug_B,0.357,0.015833333333333335,0.55,0.2443,Low Opportunity
DOC02059,Telangana,Warangal,General Physician,105,0.644,Drug_B,0.429,0.2735416666666667,0.644,0.4158,Developing
DOC02060,Telangana,Warangal,General Physician,326,0.766,Drug_D,0.524,0.905625,0.766,0.7874,Strategic
DOC02061,Rajasthan,Jaipur,Internal Medicine,201,0.482,Drug_D,0.372,0.700625,0.482,0.5693,Growth
DOC02062,Rajasthan,Udaipur,Diabetologist,94,0.511,Drug_D,0.348,0.203125,0.511,0.3245,Developing
DOC02063,West Bengal,Siliguri,General Physician,221,0.796,Drug_D,0.516,0.7472916666666667,0.796,0.7156,Growth
DOC02064,Telangana,Warangal,Endocrinologist,223,0.305,Drug_C,0.416,0.7552083333333334,0.305,0.5523,Growth
DOC02065,West Bengal,Kolkata,Endocrinologist,95,0.864,Drug_C,0.55,0.20833333333333334,0.864,0.4734,Developing
DOC02066,Delhi NCR,Delhi,General Physician,426,0.416,Drug_B,0.577,0.96375,0.416,0.7221,Growth
DOC02067,Gujarat,Vadodara,Internal Medicine,145,0.659,Drug_B,0.434,0.4875,0.659,0.5282,Growth
DOC02068,West Bengal,Kolkata,Endocrinologist,333,0.855,Drug_C,0.545,0.9116666666666666,0.855,0.8213,Strategic
DOC02069,Maharashtra,Pune,Endocrinologist,454,0.894,Drug_C,0.885,0.973125,0.894,0.9318,Strategic
DOC02070,West Bengal,Siliguri,Endocrinologist,75,0.599,Drug_B,0.209,0.1125,0.599,0.2778,Developing
DOC02071,West Bengal,Siliguri,Endocrinologist,90,0.736,Drug_C,0.421,0.184375,0.736,0.3972,Developing
DOC02072,Maharashtra,Pune,Internal Medicine,128,0.566,Drug_B,0.631,0.39458333333333334,0.566,0.4933,Developing
DOC02073,Tamil Nadu,Coimbatore,Internal Medicine,98,0.396,Drug_C,0.362,0.22791666666666666,0.396,0.3052,Developing
DOC02074,Maharashtra,Nashik,Cardiologist,393,0.436,Drug_D,0.456,0.9489583333333333,0.436,0.6965,Growth
DOC02075,West Bengal,Kolkata,Diabetologist,70,0.239,Drug_C,0.348,0.09270833333333334,0.239,0.1877,Low Opportunity
DOC02076,Tamil Nadu,Chennai,Internal Medicine,75,0.497,Drug_C,0.413,0.1125,0.497,0.288,Developing
DOC02077,Gujarat,Vadodara,Diabetologist,96,0.719,Drug_B,0.367,0.214375,0.719,0.3963,Developing
DOC02078,West Bengal,Siliguri,Cardiologist,436,0.877,Drug_D,0.683,0.968125,0.877,0.8838,Strategic
DOC02079,Maharashtra,Nagpur,Diabetologist,94,0.25,Drug_B,0.433,0.203125,0.25,0.2632,Developing
DOC02080,Telangana,Hyderabad,Diabetologist,73,0.622,Drug_D,0.431,0.105625,0.622,0.3256,Developing
DOC02081,Gujarat,Surat,Internal Medicine,129,0.736,Drug_D,0.454,0.40020833333333333,0.736,0.5117,Growth
DOC02082,Tamil Nadu,Coimbatore,Diabetologist,75,0.381,Drug_B,0.204,0.1125,0.381,0.2114,Low Opportunity
DOC02083,Delhi NCR,Noida,Endocrinologist,211,0.545,Drug_B,0.525,0.7235416666666666,0.545,0.6303,Growth
DOC02084,Telangana,Warangal,Cardiologist,182,0.49,Drug_C,0.295,0.6395833333333333,0.49,0.5258,Growth
DOC02085,Rajasthan,Udaipur,General Physician,110,0.475,Drug_B,0.374,0.2997916666666667,0.475,0.3672,Developing
DOC02086,Rajasthan,Udaipur,Endocrinologist,164,0.248,Drug_C,0.377,0.5752083333333333,0.248,0.4374,Developing
DOC02087,Gujarat,Surat,Internal Medicine,97,0.819,Drug_C,0.485,0.22145833333333334,0.819,0.4534,Developing
DOC02088,Delhi NCR,Noida,General Physician,258,0.695,Drug_B,0.414,0.8245833333333333,0.695,0.7036,Growth
DOC02089,Maharashtra,Nagpur,Internal Medicine,139,0.723,Drug_C,0.491,0.45375,0.723,0.542,Growth
DOC02090,Rajasthan,Jaipur,Internal Medicine,56,0.731,Drug_D,0.551,0.04729166666666667,0.731,0.3531,Developing
DOC02091,Rajasthan,Udaipur,Endocrinologist,426,0.69,Drug_D,0.675,0.96375,0.69,0.8239,Strategic
DOC02092,Rajasthan,Jodhpur,Internal Medicine,127,0.638,Drug_D,0.32,0.38979166666666665,0.638,0.4503,Developing
DOC02093,Tamil Nadu,Chennai,Diabetologist,181,0.443,Drug_D,0.399,0.6352083333333334,0.443,0.5303,Growth
DOC02094,Maharashtra,Nagpur,Diabetologist,73,0.603,Drug_D,0.304,0.105625,0.603,0.2945,Developing
DOC02095,Telangana,Hyderabad,Cardiologist,144,0.582,Drug_D,0.371,0.4814583333333333,0.582,0.4895,Developing
DOC02096,Gujarat,Ahmedabad,Internal Medicine,100,0.719,Drug_C,0.355,0.24208333333333334,0.719,0.4077,Developing
DOC02097,Delhi NCR,Noida,General Physician,58,0.725,Drug_B,0.486,0.05395833333333333,0.725,0.3417,Developing
DOC02098,Maharashtra,Pune,General Physician,104,0.791,Drug_B,0.272,0.26625,0.791,0.4248,Developing
DOC02099,Tamil Nadu,Coimbatore,Internal Medicine,173,0.847,Drug_D,0.539,0.6095833333333334,0.847,0.6667,Growth
DOC02100,Tamil Nadu,Coimbatore,Internal Medicine,149,0.623,Drug_B,0.467,0.5058333333333334,0.623,0.5332,Growth
DOC02101,Maharashtra,Nashik,Endocrinologist,128,0.786,Drug_B,0.389,0.39458333333333334,0.786,0.5109,Growth
DOC02102,Delhi NCR,Delhi,Diabetologist,64,0.573,Drug_B,0.446,0.07208333333333333,0.573,0.2971,Developing
DOC02103,Karnataka,Hubballi,Endocrinologist,126,0.907,Drug_C,0.563,0.38458333333333333,0.907,0.577,Growth
DOC02104,Karnataka,Hubballi,Endocrinologist,319,0.675,Drug_C,0.598,0.8995833333333333,0.675,0.7719,Strategic
DOC02105,Delhi NCR,Gurugram,Endocrinologist,97,0.842,Drug_B,0.477,0.22145833333333334,0.842,0.4587,Developing
DOC02106,Maharashtra,Nagpur,General Physician,52,0.792,Drug_B,0.427,0.034791666666666665,0.792,0.3404,Developing
DOC02107,Gujarat,Surat,Endocrinologist,263,0.681,Drug_C,0.398,0.83375,0.681,0.7008,Growth
DOC02108,Maharashtra,Nagpur,General Physician,155,0.782,Drug_B,0.67,0.5375,0.782,0.6374,Growth
DOC02109,Tamil Nadu,Madurai,General Physician,293,0.375,Drug_C,0.47,0.875,0.375,0.644,Growth
DOC02110,Maharashtra,Pune,Endocrinologist,67,0.755,Drug_D,0.367,0.081875,0.755,0.3408,Developing
DOC02111,Delhi NCR,Delhi,General Physician,170,0.783,Drug_C,0.386,0.5970833333333333,0.783,0.6106,Growth
DOC02112,Delhi NCR,Gurugram,Diabetologist,123,0.448,Drug_D,0.409,0.3672916666666667,0.448,0.3998,Developing
DOC02113,Maharashtra,Mumbai,Internal Medicine,182,0.938,Drug_B,0.562,0.6395833333333333,0.938,0.7136,Growth
DOC02114,Telangana,Warangal,Diabetologist,150,0.765,Drug_D,0.268,0.5116666666666667,0.765,0.5389,Growth
DOC02115,Tamil Nadu,Madurai,General Physician,179,0.348,Drug_D,0.489,0.6277083333333333,0.348,0.5161,Growth
DOC02116,Karnataka,Hubballi,Diabetologist,226,0.231,Drug_D,0.395,0.7633333333333333,0.231,0.53,Growth
DOC02117,Rajasthan,Udaipur,Internal Medicine,50,0.714,Drug_C,0.393,0.015833333333333335,0.714,0.3007,Developing
DOC02118,Telangana,Hyderabad,Internal Medicine,175,0.598,Drug_B,0.321,0.615,0.598,0.5511,Growth
DOC02119,Telangana,Hyderabad,Internal Medicine,133,0.565,Drug_D,0.304,0.421875,0.565,0.4412,Developing
DOC02120,Delhi NCR,Delhi,Endocrinologist,85,0.797,Drug_B,0.283,0.15833333333333333,0.797,0.3749,Developing
DOC02121,West Bengal,Siliguri,General Physician,79,0.326,Drug_B,0.339,0.12958333333333333,0.326,0.2304,Low Opportunity
DOC02122,Maharashtra,Pune,Endocrinologist,201,0.87,Drug_D,0.442,0.700625,0.87,0.6997,Growth
DOC02123,Maharashtra,Nagpur,Endocrinologist,134,0.67,Drug_D,0.399,0.428125,0.67,0.4949,Developing
DOC02124,Gujarat,Surat,Internal Medicine,147,0.674,Drug_C,0.52,0.495625,0.674,0.554,Growth
DOC02125,Maharashtra,Mumbai,Internal Medicine,167,0.818,Drug_B,0.573,0.583125,0.818,0.6516,Growth
DOC02126,Maharashtra,Nashik,Cardiologist,250,0.752,Drug_C,0.604,0.810625,0.752,0.7517,Strategic
DOC02127,Karnataka,Hubballi,Diabetologist,100,0.626,Drug_C,0.341,0.24208333333333334,0.626,0.377,Developing
DOC02128,West Bengal,Kolkata,General Physician,138,0.643,Drug_B,0.242,0.446875,0.643,0.4647,Developing
DOC02129,Telangana,Warangal,Endocrinologist,245,0.806,Drug_D,0.497,0.8035416666666667,0.806,0.743,Growth
DOC02130,Maharashtra,Nagpur,Diabetologist,251,0.53,Drug_B,0.455,0.81375,0.53,0.6569,Growth
DOC02131,Karnataka,Bengaluru,Cardiologist,55,0.351,Drug_B,0.259,0.04479166666666667,0.351,0.1795,Low Opportunity
DOC02132,Gujarat,Ahmedabad,Diabetologist,199,0.805,Drug_B,0.506,0.6925,0.805,0.6889,Growth
DOC02133,Maharashtra,Nagpur,Endocrinologist,89,0.773,Drug_D,0.353,0.17729166666666665,0.773,0.3911,Developing
DOC02134,Delhi NCR,Noida,Diabetologist,157,0.392,Drug_C,0.291,0.549375,0.392,0.4505,Developing
DOC02135,Delhi NCR,Delhi,Internal Medicine,415,0.302,Drug_B,0.548,0.9597916666666667,0.302,0.6801,Growth
DOC02136,Tamil Nadu,Chennai,Cardiologist,165,0.814,Drug_C,0.561,0.5766666666666667,0.814,0.6447,Growth
DOC02137,Karnataka,Bengaluru,Internal Medicine,50,0.213,Drug_B,0.224,0.015833333333333335,0.213,0.1166,Low Opportunity
DOC02138,Maharashtra,Mumbai,Cardiologist,220,0.476,Drug_B,0.443,0.7447916666666666,0.476,0.6038,Growth
DOC02139,Karnataka,Hubballi,Internal Medicine,50,0.978,Drug_D,0.478,0.015833333333333335,0.978,0.3969,Developing
DOC02140,Tamil Nadu,Chennai,Diabetologist,149,0.63,Drug_B,0.449,0.5058333333333334,0.63,0.5317,Growth
DOC02141,Karnataka,Hubballi,General Physician,215,0.675,Drug_B,0.444,0.7339583333333334,0.675,0.6583,Growth
DOC02142,Delhi NCR,Gurugram,Diabetologist,337,0.509,Drug_B,0.621,0.9139583333333333,0.509,0.7339,Growth
DOC02143,Karnataka,Mysuru,Cardiologist,84,0.657,Drug_B,0.364,0.154375,0.657,0.3471,Developing
DOC02144,West Bengal,Kolkata,Internal Medicine,102,0.812,Drug_C,0.478,0.25416666666666665,0.812,0.4663,Developing
DOC02145,Karnataka,Mysuru,General Physician,62,0.579,Drug_B,0.308,0.06625,0.579,0.2684,Developing
DOC02146,Telangana,Warangal,Diabetologist,437,0.823,Drug_B,0.766,0.96875,0.823,0.8845,Strategic
DOC02147,Karnataka,Bengaluru,Diabetologist,212,0.661,Drug_C,0.602,0.7258333333333333,0.661,0.6816,Growth
DOC02148,Delhi NCR,Noida,Internal Medicine,104,0.633,Drug_B,0.441,0.26625,0.633,0.4112,Developing
DOC02149,Tamil Nadu,Madurai,Internal Medicine,152,0.544,Drug_D,0.401,0.5220833333333333,0.544,0.5044,Growth
DOC02150,Delhi NCR,Noida,General Physician,200,0.51,Drug_D,0.505,0.6952083333333333,0.51,0.6016,Growth
DOC02151,Tamil Nadu,Coimbatore,Internal Medicine,63,0.67,Drug_B,0.342,0.06916666666666667,0.67,0.304,Developing
DOC02152,Rajasthan,Jodhpur,Internal Medicine,86,0.325,Drug_C,0.291,0.163125,0.325,0.2373,Low Opportunity
DOC02153,West Bengal,Siliguri,Diabetologist,171,0.578,Drug_B,0.461,0.6010416666666667,0.578,0.5661,Growth
DOC02154,Tamil Nadu,Coimbatore,Cardiologist,183,0.608,Drug_B,0.488,0.644375,0.608,0.6022,Growth
DOC02155,Gujarat,Vadodara,General Physician,276,0.485,Drug_B,0.534,0.854375,0.485,0.6795,Growth
DOC02156,Gujarat,Ahmedabad,Diabetologist,273,0.874,Drug_C,0.566,0.8489583333333334,0.874,0.7999,Strategic
DOC02157,Delhi NCR,Noida,Endocrinologist,168,0.678,Drug_D,0.419,0.5883333333333334,0.678,0.5814,Growth
DOC02158,Delhi NCR,Delhi,General Physician,278,0.688,Drug_D,0.631,0.856875,0.688,0.761,Strategic
DOC02159,Karnataka,Bengaluru,Diabetologist,362,0.76,Drug_C,0.487,0.933125,0.76,0.792,Strategic
DOC02160,Maharashtra,Nashik,Diabetologist,172,0.438,Drug_C,0.34,0.605,0.438,0.5019,Growth
DOC02161,Tamil Nadu,Madurai,General Physician,283,0.943,Drug_C,0.608,0.8622916666666667,0.943,0.8356,Strategic
DOC02162,Maharashtra,Mumbai,Internal Medicine,57,0.64,Drug_C,0.455,0.050833333333333335,0.64,0.3084,Developing
DOC02163,Maharashtra,Nagpur,Diabetologist,100,0.771,Drug_D,0.494,0.24208333333333334,0.771,0.4511,Developing
DOC02164,Gujarat,Vadodara,Internal Medicine,94,0.295,Drug_B,0.345,0.203125,0.295,0.2591,Developing
DOC02165,West Bengal,Siliguri,Diabetologist,100,0.448,Drug_D,0.393,0.24208333333333334,0.448,0.334,Developing
DOC02166,Tamil Nadu,Chennai,Cardiologist,114,0.94,Drug_C,0.492,0.3154166666666667,0.94,0.5381,Growth
DOC02167,Karnataka,Mysuru,Internal Medicine,134,0.117,Drug_D,0.284,0.428125,0.117,0.306,Developing
DOC02168,Rajasthan,Udaipur,Internal Medicine,156,0.499,Drug_D,0.456,0.5439583333333333,0.499,0.5129,Growth
DOC02169,Rajasthan,Jaipur,Cardiologist,88,0.391,Drug_D,0.307,0.17145833333333332,0.391,0.2644,Developing
DOC02170,Tamil Nadu,Madurai,Cardiologist,61,0.553,Drug_B,0.336,0.06270833333333334,0.553,0.2645,Developing
DOC02171,Maharashtra,Pune,General Physician,169,0.78,Drug_D,0.537,0.5925,0.78,0.6377,Growth
DOC02172,Gujarat,Ahmedabad,Internal Medicine,50,0.494,Drug_C,0.341,0.015833333333333335,0.494,0.2243,Low Opportunity
DOC02173,Maharashtra,Nashik,Internal Medicine,282,0.547,Drug_C,0.385,0.8610416666666667,0.547,0.6716,Growth
DOC02174,Telangana,Warangal,Internal Medicine,331,0.351,Drug_D,0.531,0.910625,0.351,0.6668,Growth
DOC02175,Delhi NCR,Delhi,Internal Medicine,94,0.537,Drug_B,0.414,0.203125,0.537,0.3455,Developing
DOC02176,Delhi NCR,Noida,Endocrinologist,175,0.398,Drug_C,0.46,0.615,0.398,0.5189,Growth
DOC02177,Tamil Nadu,Coimbatore,Internal Medicine,156,0.577,Drug_B,0.387,0.5439583333333333,0.577,0.5225,Growth
DOC02178,Tamil Nadu,Coimbatore,Cardiologist,242,0.177,Drug_B,0.261,0.7972916666666666,0.177,0.5039,Growth
DOC02179,Karnataka,Hubballi,Internal Medicine,172,0.486,Drug_D,0.459,0.605,0.486,0.5401,Growth
DOC02180,Gujarat,Ahmedabad,Internal Medicine,99,0.811,Drug_D,0.302,0.23458333333333334,0.811,0.421,Developing
DOC02181,Karnataka,Bengaluru,Endocrinologist,94,0.68,Drug_C,0.343,0.203125,0.68,0.3742,Developing
DOC02182,Maharashtra,Mumbai,Internal Medicine,235,0.872,Drug_C,0.531,0.7827083333333333,0.872,0.7592,Strategic
DOC02183,West Bengal,Kolkata,Diabetologist,146,0.226,Drug_C,0.358,0.49166666666666664,0.226,0.3852,Developing
DOC02184,Karnataka,Bengaluru,Internal Medicine,274,0.526,Drug_B,0.511,0.8502083333333333,0.526,0.6851,Growth
DOC02185,Gujarat,Ahmedabad,General Physician,266,0.096,Drug_C,0.246,0.8385416666666666,0.096,0.4973,Developing
DOC02186,Maharashtra,Nashik,Cardiologist,125,0.51,Drug_C,0.434,0.3779166666666667,0.51,0.4288,Developing
DOC02187,West Bengal,Kolkata,General Physician,50,0.632,Drug_D,0.384,0.015833333333333335,0.632,0.2743,Developing
DOC02188,Delhi NCR,Gurugram,Diabetologist,493,0.463,Drug_D,0.586,0.9820833333333333,0.463,0.7471,Growth
DOC02189,Tamil Nadu,Coimbatore,General Physician,210,0.5,Drug_D,0.482,0.7210416666666667,0.5,0.6069,Growth
DOC02190,Karnataka,Mysuru,Cardiologist,57,0.487,Drug_B,0.259,0.050833333333333335,0.487,0.2233,Low Opportunity
DOC02191,West Bengal,Siliguri,Endocrinologist,393,0.467,Drug_D,0.527,0.9489583333333333,0.467,0.72,Growth
DOC02192,Telangana,Warangal,Endocrinologist,191,0.329,Drug_C,0.405,0.671875,0.329,0.5156,Growth
DOC02193,Rajasthan,Jodhpur,General Physician,196,0.689,Drug_C,0.466,0.6879166666666666,0.689,0.6439,Growth
DOC02194,Gujarat,Surat,Cardiologist,148,0.586,Drug_B,0.579,0.500625,0.586,0.5419,Growth
DOC02195,Tamil Nadu,Coimbatore,Diabetologist,122,0.507,Drug_C,0.314,0.360625,0.507,0.3952,Developing
DOC02196,Delhi NCR,Noida,Internal Medicine,193,0.484,Drug_B,0.384,0.6783333333333333,0.484,0.5612,Growth
DOC02197,West Bengal,Kolkata,Internal Medicine,50,0.49,Drug_D,0.251,0.015833333333333335,0.49,0.2051,Low Opportunity
DOC02198,Maharashtra,Nashik,Diabetologist,228,0.848,Drug_C,0.705,0.7677083333333333,0.848,0.7793,Strategic
DOC02199,Delhi NCR,Noida,Diabetologist,235,0.541,Drug_D,0.559,0.7827083333333333,0.541,0.6655,Growth
DOC02200,West Bengal,Siliguri,Diabetologist,50,0.485,Drug_B,0.376,0.015833333333333335,0.485,0.2286,Low Opportunity
DOC02201,Maharashtra,Mumbai,General Physician,222,0.413,Drug_B,0.502,0.750625,0.413,0.5996,Growth
DOC02202,Tamil Nadu,Chennai,General Physician,346,0.781,Drug_C,0.623,0.9208333333333333,0.781,0.8193,Strategic
DOC02203,Maharashtra,Nagpur,Diabetologist,126,0.672,Drug_B,0.556,0.38458333333333333,0.672,0.5051,Growth
DOC02204,Rajasthan,Jaipur,Endocrinologist,167,0.476,Drug_B,0.442,0.583125,0.476,0.5228,Growth
DOC02205,Maharashtra,Pune,General Physician,100,0.885,Drug_D,0.507,0.24208333333333334,0.885,0.4879,Developing
DOC02206,Rajasthan,Jodhpur,Internal Medicine,122,0.938,Drug_C,0.557,0.360625,0.938,0.5731,Growth
DOC02207,Gujarat,Vadodara,General Physician,79,0.584,Drug_C,0.321,0.12958333333333333,0.584,0.3042,Developing
DOC02208,Rajasthan,Jaipur,General Physician,364,0.72,Drug_B,0.622,0.9354166666666667,0.72,0.8081,Strategic
DOC02209,Rajasthan,Jaipur,Internal Medicine,119,0.21,Drug_C,0.417,0.34229166666666666,0.21,0.3175,Developing
DOC02210,Rajasthan,Jaipur,Endocrinologist,96,0.262,Drug_B,0.281,0.214375,0.262,0.242,Low Opportunity
DOC02211,West Bengal,Siliguri,Internal Medicine,131,0.547,Drug_B,0.372,0.410625,0.547,0.4438,Developing
DOC02212,Telangana,Warangal,Diabetologist,194,0.679,Drug_C,0.351,0.68125,0.679,0.6145,Growth
DOC02213,Delhi NCR,Gurugram,Internal Medicine,262,0.643,Drug_D,0.46,0.8325,0.643,0.7011,Growth
DOC02214,Gujarat,Surat,Cardiologist,89,0.321,Drug_B,0.126,0.17729166666666665,0.321,0.2101,Low Opportunity
DOC02215,Karnataka,Mysuru,Diabetologist,130,0.386,Drug_B,0.316,0.40541666666666665,0.386,0.3817,Developing
DOC02216,Gujarat,Vadodara,Endocrinologist,91,0.716,Drug_B,0.383,0.18895833333333334,0.716,0.3859,Developing
DOC02217,Karnataka,Bengaluru,Diabetologist,69,0.439,Drug_B,0.3,0.08875,0.439,0.2361,Low Opportunity
DOC02218,Maharashtra,Pune,Endocrinologist,213,0.332,Drug_B,0.637,0.7279166666666667,0.332,0.591,Growth
DOC02219,Delhi NCR,Gurugram,Internal Medicine,50,0.632,Drug_C,0.273,0.015833333333333335,0.632,0.2521,Developing
DOC02220,Delhi NCR,Gurugram,General Physician,103,0.225,Drug_C,0.416,0.25958333333333333,0.225,0.2805,Developing
DOC02221,Karnataka,Hubballi,Internal Medicine,129,0.61,Drug_B,0.597,0.40020833333333333,0.61,0.5025,Growth
DOC02222,Karnataka,Hubballi,General Physician,96,0.491,Drug_B,0.483,0.214375,0.491,0.3511,Developing
DOC02223,Tamil Nadu,Chennai,Internal Medicine,107,0.667,Drug_D,0.448,0.2839583333333333,0.667,0.4317,Developing
DOC02224,Gujarat,Vadodara,Diabetologist,50,0.695,Drug_B,0.299,0.015833333333333335,0.695,0.2762,Developing
DOC02225,Maharashtra,Pune,General Physician,453,0.582,Drug_B,0.81,0.9720833333333333,0.582,0.8226,Strategic
DOC02226,Delhi NCR,Noida,General Physician,144,0.501,Drug_C,0.5,0.4814583333333333,0.501,0.491,Developing
DOC02227,Telangana,Warangal,General Physician,307,0.698,Drug_D,0.554,0.8904166666666666,0.698,0.7654,Strategic
DOC02228,Gujarat,Surat,Internal Medicine,251,0.438,Drug_D,0.582,0.81375,0.438,0.6547,Growth
DOC02229,Gujarat,Vadodara,Internal Medicine,119,0.667,Drug_C,0.369,0.34229166666666666,0.667,0.445,Developing
DOC02230,West Bengal,Siliguri,Internal Medicine,183,0.335,Drug_B,0.297,0.644375,0.335,0.4821,Developing
DOC02231,Telangana,Hyderabad,Internal Medicine,201,0.168,Drug_D,0.247,0.700625,0.168,0.4501,Developing
DOC02232,Delhi NCR,Delhi,Diabetologist,265,0.613,Drug_B,0.495,0.8370833333333333,0.613,0.7014,Growth
DOC02233,Maharashtra,Nashik,Endocrinologist,65,0.763,Drug_D,0.464,0.07479166666666667,0.763,0.3591,Developing
DOC02234,Karnataka,Bengaluru,Cardiologist,151,0.429,Drug_D,0.433,0.5175,0.429,0.474,Developing
DOC02235,Karnataka,Bengaluru,Diabetologist,338,0.302,Drug_B,0.402,0.9152083333333333,0.302,0.6286,Growth
DOC02236,Maharashtra,Nashik,General Physician,195,0.632,Drug_B,0.422,0.6845833333333333,0.632,0.6163,Growth
DOC02237,Tamil Nadu,Chennai,Endocrinologist,117,0.391,Drug_C,0.389,0.33145833333333335,0.391,0.3608,Developing
DOC02238,Tamil Nadu,Madurai,General Physician,184,0.501,Drug_B,0.369,0.648125,0.501,0.5482,Growth
DOC02239,Telangana,Hyderabad,Endocrinologist,71,0.381,Drug_B,0.421,0.09645833333333333,0.381,0.2467,Low Opportunity
DOC02240,West Bengal,Kolkata,Cardiologist,105,0.571,Drug_C,0.333,0.2735416666666667,0.571,0.3747,Developing
DOC02241,West Bengal,Siliguri,General Physician,180,0.506,Drug_B,0.331,0.631875,0.506,0.5339,Growth
DOC02242,Gujarat,Ahmedabad,Diabetologist,159,0.418,Drug_B,0.452,0.5583333333333333,0.418,0.495,Developing
DOC02243,Maharashtra,Pune,General Physician,171,0.379,Drug_C,0.394,0.6010416666666667,0.379,0.493,Developing
DOC02244,Delhi NCR,Noida,Endocrinologist,217,0.878,Drug_B,0.501,0.73875,0.878,0.733,Growth
DOC02245,Gujarat,Vadodara,Internal Medicine,300,0.901,Drug_D,0.493,0.883125,0.901,0.8105,Strategic
DOC02246,Karnataka,Hubballi,Endocrinologist,435,0.626,Drug_C,0.682,0.9675,0.626,0.8079,Strategic
DOC02247,Telangana,Hyderabad,Internal Medicine,195,0.649,Drug_B,0.444,0.6845833333333333,0.649,0.6258,Growth
DOC02248,Gujarat,Ahmedabad,General Physician,118,0.789,Drug_C,0.529,0.335625,0.789,0.5103,Growth
DOC02249,Delhi NCR,Delhi,Endocrinologist,179,0.461,Drug_C,0.541,0.6277083333333333,0.461,0.5604,Growth
DOC02250,West Bengal,Siliguri,Diabetologist,106,0.771,Drug_D,0.386,0.2783333333333333,0.771,0.4477,Developing
DOC02251,Maharashtra,Mumbai,Cardiologist,172,0.684,Drug_C,0.533,0.605,0.684,0.6143,Growth
DOC02252,West Bengal,Siliguri,Internal Medicine,115,0.125,Drug_B,0.074,0.3202083333333333,0.125,0.2124,Low Opportunity
DOC02253,West Bengal,Kolkata,Internal Medicine,236,0.407,Drug_B,0.558,0.7852083333333333,0.407,0.6263,Growth
DOC02254,Gujarat,Vadodara,Diabetologist,63,0.527,Drug_B,0.153,0.06916666666666667,0.527,0.2233,Low Opportunity
DOC02255,Telangana,Hyderabad,General Physician,89,0.736,Drug_D,0.355,0.17729166666666665,0.736,0.3804,Developing
DOC02256,Telangana,Warangal,Diabetologist,279,0.713,Drug_D,0.487,0.8577083333333333,0.713,0.7402,Growth
DOC02257,Karnataka,Bengaluru,Endocrinologist,284,0.635,Drug_B,0.507,0.863125,0.635,0.7235,Growth
DOC02258,Tamil Nadu,Coimbatore,Internal Medicine,98,0.686,Drug_C,0.29,0.22791666666666666,0.686,0.3778,Developing
DOC02259,Rajasthan,Jaipur,Internal Medicine,141,0.453,Drug_C,0.395,0.46375,0.453,0.4468,Developing
DOC02260,Telangana,Hyderabad,Endocrinologist,85,0.54,Drug_C,0.318,0.15833333333333333,0.54,0.3048,Developing
DOC02261,Tamil Nadu,Chennai,General Physician,163,0.827,Drug_D,0.581,0.5720833333333334,0.827,0.6503,Growth
DOC02262,West Bengal,Kolkata,Diabetologist,60,0.306,Drug_C,0.211,0.058958333333333335,0.306,0.1635,Low Opportunity
DOC02263,Karnataka,Bengaluru,General Physician,51,0.43,Drug_B,0.395,0.03270833333333333,0.43,0.2244,Low Opportunity
DOC02264,Rajasthan,Udaipur,Internal Medicine,190,0.661,Drug_B,0.422,0.6679166666666667,0.661,0.6167,Growth
DOC02265,Rajasthan,Jaipur,General Physician,112,0.519,Drug_C,0.522,0.30875,0.519,0.4145,Developing
DOC02266,Gujarat,Surat,Endocrinologist,410,0.496,Drug_B,0.433,0.9577083333333334,0.496,0.7143,Growth
DOC02267,Tamil Nadu,Madurai,Internal Medicine,576,0.462,Drug_B,0.72,0.9916666666666667,0.462,0.7784,Strategic
DOC02268,Karnataka,Mysuru,Internal Medicine,135,0.672,Drug_B,0.574,0.43395833333333333,0.672,0.5334,Growth
DOC02269,Rajasthan,Udaipur,Internal Medicine,125,0.081,Drug_C,0.256,0.3779166666666667,0.081,0.2645,Developing
DOC02270,Telangana,Hyderabad,Endocrinologist,171,0.51,Drug_B,0.461,0.6010416666666667,0.51,0.5457,Growth
DOC02271,Karnataka,Bengaluru,General Physician,140,0.799,Drug_D,0.504,0.45895833333333336,0.799,0.57,Growth
DOC02272,Rajasthan,Jaipur,Internal Medicine,227,0.689,Drug_B,0.511,0.7658333333333334,0.689,0.6918,Growth
DOC02273,Maharashtra,Nashik,Internal Medicine,239,0.311,Drug_B,0.501,0.7902083333333333,0.311,0.5886,Growth
DOC02274,West Bengal,Siliguri,General Physician,145,0.717,Drug_B,0.42,0.4875,0.717,0.5428,Growth
DOC02275,Rajasthan,Udaipur,General Physician,53,0.353,Drug_B,0.391,0.038125,0.353,0.2032,Low Opportunity
DOC02276,Tamil Nadu,Chennai,General Physician,384,0.719,Drug_C,0.49,0.945,0.719,0.7862,Strategic
DOC02277,Gujarat,Ahmedabad,General Physician,89,0.872,Drug_B,0.531,0.17729166666666665,0.872,0.4564,Developing
DOC02278,Rajasthan,Jodhpur,Diabetologist,433,0.75,Drug_C,0.704,0.9666666666666667,0.75,0.8491,Strategic
DOC02279,West Bengal,Kolkata,General Physician,101,0.244,Drug_C,0.229,0.24833333333333332,0.244,0.2432,Low Opportunity
DOC02280,Tamil Nadu,Chennai,Diabetologist,79,0.784,Drug_B,0.467,0.12958333333333333,0.784,0.3934,Developing
DOC02281,Maharashtra,Mumbai,Internal Medicine,133,0.679,Drug_B,0.364,0.421875,0.679,0.4874,Developing
DOC02282,Karnataka,Hubballi,Cardiologist,159,0.459,Drug_D,0.412,0.5583333333333333,0.459,0.4993,Developing
DOC02283,Telangana,Hyderabad,Internal Medicine,133,0.784,Drug_B,0.457,0.421875,0.784,0.5375,Growth
DOC02284,Maharashtra,Pune,Internal Medicine,386,0.481,Drug_B,0.612,0.9458333333333333,0.481,0.7396,Growth
DOC02285,Tamil Nadu,Madurai,Diabetologist,88,0.857,Drug_B,0.341,0.17145833333333332,0.857,0.411,Developing
DOC02286,Delhi NCR,Delhi,Cardiologist,159,0.696,Drug_B,0.492,0.5583333333333333,0.696,0.5864,Growth
DOC02287,Tamil Nadu,Coimbatore,General Physician,233,0.289,Drug_C,0.322,0.7779166666666667,0.289,0.5401,Growth
DOC02288,Delhi NCR,Noida,Endocrinologist,50,0.488,Drug_B,0.362,0.015833333333333335,0.488,0.2267,Low Opportunity
DOC02289,Maharashtra,Pune,Diabetologist,116,0.565,Drug_C,0.37,0.32666666666666666,0.565,0.4068,Developing
DOC02290,Delhi NCR,Noida,Endocrinologist,169,0.399,Drug_C,0.478,0.5925,0.399,0.5116,Growth
DOC02291,Telangana,Hyderabad,Endocrinologist,50,0.643,Drug_B,0.448,0.015833333333333335,0.643,0.2904,Developing
DOC02292,Tamil Nadu,Coimbatore,General Physician,108,0.335,Drug_C,0.286,0.2891666666666667,0.335,0.3023,Developing
DOC02293,Maharashtra,Pune,Internal Medicine,75,0.619,Drug_B,0.452,0.1125,0.619,0.3324,Developing
DOC02294,Karnataka,Mysuru,Internal Medicine,52,0.835,Drug_D,0.244,0.034791666666666665,0.835,0.3167,Developing
DOC02295,West Bengal,Kolkata,Diabetologist,335,0.407,Drug_B,0.491,0.9125,0.407,0.6766,Growth
DOC02296,Delhi NCR,Delhi,Cardiologist,163,0.459,Drug_B,0.477,0.5720833333333334,0.459,0.5191,Growth
DOC02297,West Bengal,Kolkata,Diabetologist,104,0.258,Drug_C,0.258,0.26625,0.258,0.2621,Developing
DOC02298,Telangana,Warangal,Cardiologist,243,0.476,Drug_D,0.559,0.7997916666666667,0.476,0.6545,Growth
DOC02299,Tamil Nadu,Madurai,Endocrinologist,151,0.326,Drug_C,0.375,0.5175,0.326,0.4316,Developing
DOC02300,Telangana,Hyderabad,Diabetologist,153,0.316,Drug_B,0.356,0.5264583333333334,0.316,0.4292,Developing
DOC02301,Telangana,Warangal,Internal Medicine,156,0.665,Drug_D,0.369,0.5439583333333333,0.665,0.5453,Growth
DOC02302,Karnataka,Mysuru,Internal Medicine,66,0.759,Drug_B,0.297,0.07833333333333334,0.759,0.3263,Developing
DOC02303,Rajasthan,Jaipur,Internal Medicine,159,0.48,Drug_C,0.346,0.5583333333333333,0.48,0.4924,Developing
DOC02304,Delhi NCR,Delhi,General Physician,379,0.832,Drug_B,0.479,0.9425,0.832,0.8166,Strategic
DOC02305,Tamil Nadu,Chennai,Internal Medicine,187,0.652,Drug_B,0.516,0.6570833333333334,0.652,0.6273,Growth
DOC02306,Maharashtra,Mumbai,Endocrinologist,173,0.583,Drug_C,0.489,0.6095833333333334,0.583,0.5775,Growth
DOC02307,Telangana,Warangal,General Physician,122,0.238,Drug_B,0.299,0.360625,0.238,0.3115,Developing
DOC02308,Maharashtra,Nagpur,General Physician,153,0.359,Drug_B,0.305,0.5264583333333334,0.359,0.4319,Developing
DOC02309,Delhi NCR,Delhi,Internal Medicine,131,0.754,Drug_D,0.322,0.410625,0.754,0.4959,Developing
DOC02310,West Bengal,Siliguri,Endocrinologist,129,0.17,Drug_B,0.18,0.40020833333333333,0.17,0.2871,Developing
DOC02311,Maharashtra,Nagpur,Diabetologist,95,0.274,Drug_C,0.301,0.20833333333333334,0.274,0.2466,Low Opportunity
DOC02312,Delhi NCR,Gurugram,Diabetologist,282,0.789,Drug_B,0.629,0.8610416666666667,0.789,0.793,Strategic
DOC02313,West Bengal,Kolkata,Internal Medicine,310,0.666,Drug_B,0.585,0.89125,0.666,0.7624,Strategic
DOC02314,Rajasthan,Udaipur,General Physician,250,0.483,Drug_D,0.541,0.810625,0.483,0.6584,Growth
DOC02315,West Bengal,Kolkata,Internal Medicine,441,0.512,Drug_B,0.606,0.97,0.512,0.7598,Strategic
DOC02316,Telangana,Warangal,Internal Medicine,104,0.819,Drug_B,0.436,0.26625,0.819,0.466,Developing
DOC02317,Maharashtra,Nagpur,Internal Medicine,225,0.414,Drug_D,0.502,0.7604166666666666,0.414,0.6048,Growth
DOC02318,West Bengal,Kolkata,General Physician,156,0.747,Drug_B,0.502,0.5439583333333333,0.747,0.5965,Growth
DOC02319,Delhi NCR,Delhi,Internal Medicine,209,0.755,Drug_B,0.444,0.718125,0.755,0.6744,Growth
DOC02320,Maharashtra,Mumbai,Internal Medicine,174,0.635,Drug_B,0.375,0.6120833333333333,0.635,0.5715,Growth
DOC02321,Maharashtra,Pune,Internal Medicine,167,0.779,Drug_B,0.457,0.583125,0.779,0.6167,Growth
DOC02322,Gujarat,Vadodara,Internal Medicine,164,0.494,Drug_D,0.3,0.5752083333333333,0.494,0.4958,Developing
DOC02323,Telangana,Warangal,Endocrinologist,159,0.402,Drug_B,0.309,0.5583333333333333,0.402,0.4616,Developing
DOC02324,Rajasthan,Jodhpur,Diabetologist,189,0.356,Drug_B,0.299,0.6635416666666667,0.356,0.4984,Developing
DOC02325,Tamil Nadu,Chennai,General Physician,321,0.957,Drug_B,0.586,0.901875,0.957,0.8552,Strategic
DOC02326,Tamil Nadu,Chennai,Diabetologist,59,0.66,Drug_B,0.463,0.05625,0.66,0.3187,Developing
DOC02327,Tamil Nadu,Coimbatore,Internal Medicine,327,0.669,Drug_D,0.636,0.9072916666666667,0.669,0.7815,Strategic
DOC02328,Gujarat,Ahmedabad,General Physician,50,0.772,Drug_C,0.381,0.015833333333333335,0.772,0.3157,Developing
DOC02329,West Bengal,Kolkata,Internal Medicine,276,0.624,Drug_C,0.578,0.854375,0.624,0.73,Growth
DOC02330,Rajasthan,Udaipur,Diabetologist,127,0.903,Drug_C,0.383,0.38979166666666665,0.903,0.5424,Growth
DOC02331,Tamil Nadu,Coimbatore,Diabetologist,219,0.637,Drug_D,0.447,0.7422916666666667,0.637,0.6516,Growth
DOC02332,Telangana,Hyderabad,Internal Medicine,81,0.467,Drug_B,0.294,0.139375,0.467,0.2686,Developing
DOC02333,Gujarat,Vadodara,Internal Medicine,141,0.605,Drug_B,0.365,0.46375,0.605,0.4864,Developing
DOC02334,Maharashtra,Mumbai,Diabetologist,70,0.747,Drug_D,0.194,0.09270833333333334,0.747,0.3093,Developing
DOC02335,Maharashtra,Mumbai,Diabetologist,50,0.926,Drug_B,0.428,0.015833333333333335,0.926,0.3713,Developing
DOC02336,Karnataka,Hubballi,General Physician,145,0.299,Drug_C,0.532,0.4875,0.299,0.4398,Developing
DOC02337,Maharashtra,Nagpur,General Physician,378,0.578,Drug_B,0.589,0.9414583333333333,0.578,0.7619,Strategic
DOC02338,Tamil Nadu,Chennai,Internal Medicine,244,0.543,Drug_D,0.497,0.8014583333333334,0.543,0.663,Growth
DOC02339,Delhi NCR,Gurugram,Diabetologist,137,0.552,Drug_B,0.276,0.44208333333333333,0.552,0.4418,Developing
DOC02340,Telangana,Hyderabad,Endocrinologist,401,0.74,Drug_C,0.643,0.9525,0.74,0.8268,Strategic
DOC02341,Maharashtra,Pune,Cardiologist,179,0.075,Drug_C,0.348,0.6277083333333333,0.075,0.406,Developing
DOC02342,Maharashtra,Pune,General Physician,126,0.464,Drug_B,0.283,0.38458333333333333,0.464,0.3881,Developing
DOC02343,Karnataka,Mysuru,Diabetologist,68,0.752,Drug_C,0.356,0.085,0.752,0.3393,Developing
DOC02344,West Bengal,Siliguri,Cardiologist,57,0.599,Drug_B,0.287,0.050833333333333335,0.599,0.2625,Developing
DOC02345,Karnataka,Bengaluru,Cardiologist,138,0.481,Drug_B,0.423,0.446875,0.481,0.4523,Developing
DOC02346,Rajasthan,Jodhpur,Endocrinologist,256,0.474,Drug_B,0.571,0.8208333333333333,0.474,0.6668,Growth
DOC02347,Telangana,Warangal,Internal Medicine,222,0.468,Drug_D,0.412,0.750625,0.468,0.5981,Growth
DOC02348,West Bengal,Siliguri,Diabetologist,88,0.633,Drug_B,0.488,0.17145833333333332,0.633,0.3732,Developing
DOC02349,Gujarat,Surat,General Physician,480,0.606,Drug_B,0.597,0.9797916666666666,0.606,0.7911,Strategic
DOC02350,Delhi NCR,Noida,Internal Medicine,293,0.352,Drug_D,0.503,0.875,0.352,0.6437,Growth
DOC02351,Karnataka,Bengaluru,General Physician,53,0.724,Drug_D,0.357,0.038125,0.724,0.3077,Developing
DOC02352,Karnataka,Hubballi,Endocrinologist,126,0.68,Drug_D,0.364,0.38458333333333333,0.68,0.4691,Developing
DOC02353,Maharashtra,Pune,Diabetologist,149,0.538,Drug_B,0.498,0.5058333333333334,0.538,0.5139,Growth
DOC02354,Maharashtra,Nashik,General Physician,110,0.741,Drug_C,0.358,0.2997916666666667,0.741,0.4438,Developing
DOC02355,Tamil Nadu,Chennai,Internal Medicine,98,0.8,Drug_B,0.478,0.22791666666666666,0.8,0.4496,Developing
DOC02356,Tamil Nadu,Madurai,Internal Medicine,158,0.447,Drug_B,0.344,0.5525,0.447,0.4792,Developing
DOC02357,Telangana,Warangal,Diabetologist,294,0.222,Drug_C,0.38,0.8779166666666667,0.222,0.5816,Growth
DOC02358,Telangana,Warangal,General Physician,159,0.769,Drug_B,0.392,0.5583333333333333,0.769,0.5883,Growth
DOC02359,Maharashtra,Mumbai,Endocrinologist,313,0.747,Drug_B,0.638,0.8939583333333333,0.747,0.7987,Strategic
DOC02360,Rajasthan,Jaipur,General Physician,191,0.513,Drug_D,0.485,0.671875,0.513,0.5868,Growth
DOC02361,Maharashtra,Mumbai,Internal Medicine,230,0.922,Drug_B,0.447,0.7722916666666667,0.922,0.7521,Strategic
DOC02362,Tamil Nadu,Coimbatore,General Physician,107,0.574,Drug_B,0.319,0.2839583333333333,0.574,0.378,Developing
DOC02363,West Bengal,Siliguri,Endocrinologist,144,0.534,Drug_C,0.394,0.4814583333333333,0.534,0.4797,Developing
DOC02364,Gujarat,Surat,Diabetologist,120,0.43,Drug_C,0.342,0.3485416666666667,0.43,0.3717,Developing
DOC02365,Tamil Nadu,Coimbatore,General Physician,133,0.776,Drug_B,0.433,0.421875,0.776,0.5303,Growth
DOC02366,Karnataka,Hubballi,General Physician,75,0.642,Drug_B,0.412,0.1125,0.642,0.3312,Developing
DOC02367,Delhi NCR,Gurugram,General Physician,91,0.738,Drug_B,0.341,0.18895833333333334,0.738,0.3841,Developing
DOC02368,Delhi NCR,Delhi,Internal Medicine,219,0.678,Drug_B,0.527,0.7422916666666667,0.678,0.6799,Growth
DOC02369,Gujarat,Vadodara,Internal Medicine,60,0.456,Drug_B,0.213,0.058958333333333335,0.456,0.2089,Low Opportunity
DOC02370,Telangana,Warangal,Endocrinologist,124,0.33,Drug_B,0.207,0.3720833333333333,0.33,0.3264,Developing
DOC02371,Delhi NCR,Delhi,General Physician,92,0.529,Drug_B,0.434,0.19354166666666667,0.529,0.3423,Developing
DOC02372,Karnataka,Hubballi,General Physician,97,0.57,Drug_C,0.41,0.22145833333333334,0.57,0.3637,Developing
DOC02373,Telangana,Warangal,Endocrinologist,136,0.884,Drug_B,0.521,0.43875,0.884,0.5888,Growth
DOC02374,Gujarat,Surat,Internal Medicine,64,0.683,Drug_D,0.391,0.07208333333333333,0.683,0.3191,Developing
DOC02375,Telangana,Hyderabad,Internal Medicine,222,0.722,Drug_B,0.508,0.750625,0.722,0.6935,Growth
DOC02376,Gujarat,Ahmedabad,Endocrinologist,81,0.77,Drug_C,0.465,0.139375,0.77,0.3937,Developing
DOC02377,Delhi NCR,Gurugram,Diabetologist,617,0.319,Drug_D,0.717,0.99375,0.319,0.736,Growth
DOC02378,West Bengal,Siliguri,Endocrinologist,148,0.304,Drug_D,0.294,0.500625,0.304,0.4003,Developing
DOC02379,West Bengal,Kolkata,Endocrinologist,208,0.245,Drug_B,0.437,0.7154166666666667,0.245,0.5186,Growth
DOC02380,Tamil Nadu,Madurai,Cardiologist,193,0.337,Drug_D,0.391,0.6783333333333333,0.337,0.5185,Growth
DOC02381,Maharashtra,Nagpur,Endocrinologist,146,0.734,Drug_D,0.46,0.49166666666666664,0.734,0.558,Growth
DOC02382,Telangana,Warangal,Endocrinologist,50,0.572,Drug_B,0.33,0.015833333333333335,0.572,0.2455,Low Opportunity
DOC02383,Gujarat,Surat,Endocrinologist,90,0.926,Drug_C,0.421,0.184375,0.926,0.4542,Developing
DOC02384,Maharashtra,Pune,Internal Medicine,220,0.881,Drug_B,0.455,0.7447916666666666,0.881,0.7277,Growth
DOC02385,Tamil Nadu,Coimbatore,Diabetologist,135,0.862,Drug_D,0.602,0.43395833333333333,0.862,0.596,Growth
DOC02386,Rajasthan,Udaipur,General Physician,266,0.322,Drug_C,0.368,0.8385416666666666,0.322,0.5895,Growth
DOC02387,Maharashtra,Pune,Internal Medicine,208,0.4,Drug_B,0.426,0.7154166666666667,0.4,0.5629,Growth
DOC02388,Telangana,Hyderabad,Cardiologist,194,0.571,Drug_C,0.577,0.68125,0.571,0.6273,Growth
DOC02389,Maharashtra,Pune,Cardiologist,143,0.143,Drug_B,0.313,0.474375,0.143,0.3427,Developing
DOC02390,Tamil Nadu,Madurai,General Physician,92,0.939,Drug_D,0.609,0.19354166666666667,0.939,0.5003,Growth
DOC02391,Telangana,Warangal,Endocrinologist,133,0.85,Drug_B,0.37,0.421875,0.85,0.5399,Growth
DOC02392,Telangana,Hyderabad,Cardiologist,118,0.602,Drug_B,0.454,0.335625,0.602,0.4392,Developing
DOC02393,Maharashtra,Nagpur,Diabetologist,182,0.436,Drug_C,0.445,0.6395833333333333,0.436,0.5396,Growth
DOC02394,Telangana,Warangal,Internal Medicine,142,0.4,Drug_C,0.548,0.4685416666666667,0.4,0.4639,Developing
DOC02395,Gujarat,Surat,Internal Medicine,106,0.938,Drug_D,0.406,0.2783333333333333,0.938,0.5018,Growth
DOC02396,West Bengal,Kolkata,Diabetologist,76,0.402,Drug_D,0.289,0.1175,0.402,0.2372,Low Opportunity
DOC02397,Delhi NCR,Delhi,Cardiologist,193,0.465,Drug_B,0.409,0.6783333333333333,0.465,0.5605,Growth
DOC02398,Maharashtra,Nagpur,Diabetologist,115,0.653,Drug_D,0.332,0.3202083333333333,0.653,0.4224,Developing
DOC02399,Maharashtra,Mumbai,General Physician,407,0.224,Drug_B,0.613,0.955,0.224,0.6673,Growth
DOC02400,Gujarat,Ahmedabad,Internal Medicine,98,0.582,Drug_D,0.336,0.22791666666666666,0.582,0.3558,Developing
